index,predicted_gene,predicting_gene,predicted_gene_residue,predicting_gene_residue,predicted_subcellular_location,predicted_topology,predicting_crosslinks,predicted_by_transmembrane,transmembrane_regions,predicting_gene_is_lm
4202,AARS2,HSPD1,861,369,Mitochondrion matrix,,HSPD1-369-AARS2-861,,,True
4138,ABCB7,HSPD1,656,75,Mitochondrion matrix,,HSPD1-75-ABCB7-656,,,True
4139,ABCB7,HSPD1,656,196,Mitochondrion matrix,,HSPD1-196-ABCB7-656,,,True
3912,ABHD10,HSPD1,69,75,Mitochondrion matrix,,HSPD1-75-ABHD10-69,,,True
4125,ACAA2,HSPD1,214,191,Mitochondrion matrix,,HSPD1-191-ACAA2-214,,,True
3976,ACADM,HSPD1,212,473,Mitochondrion matrix,,HSPD1-473-ACADM-212,,,True
3977,ACADM,HSPD1,212,133,Mitochondrion matrix,,HSPD1-133-ACADM-212,,,True
3974,ACADM,HSPD1,259,91,Mitochondrion matrix,,HSPD1-91-ACADM-259,,,True
3975,ACADM,HSPD1,259,523,Mitochondrion matrix,,HSPD1-523-ACADM-259,,,True
4181,ACADSB,HSPD1,284,125,Mitochondrion matrix,,HSPD1-125-ACADSB-284,,,True
2881,ACAT1,HSPD1,124,292,Mitochondrion matrix,,HSPD1-292-ACAT1-124,,,True
2878,ACAT1,HSPD1,202,133,Mitochondrion matrix,,HSPD1-133-ACAT1-202,,,True
2882,ACAT1,HSPD1,202,369,Mitochondrion matrix,,HSPD1-369-ACAT1-202,,,True
2876,ACAT1,HSPD1,203,91,Mitochondrion matrix,,HSPD1-91-ACAT1-203,,,True
2877,ACAT1,HSPD1,203,292,Mitochondrion matrix,,HSPD1-292-ACAT1-203,,,True
2880,ACAT1,HSPD1,223,292,Mitochondrion matrix,,HSPD1-292-ACAT1-223,,,True
2875,ACAT1,HSPD1,251,133,Mitochondrion matrix,,HSPD1-133-ACAT1-251,,,True
2879,ACAT1,HSPD1,268,196,Mitochondrion matrix,,HSPD1-196-ACAT1-268,,,True
2883,ACAT1,HSPD1,268,292,Mitochondrion matrix,,HSPD1-292-ACAT1-268,,,True
2884,ACAT1,HSPD1,268,473,Mitochondrion matrix,,HSPD1-473-ACAT1-268,,,True
2599,ACO2,HSPD1,144,196,Mitochondrion matrix,,HSPD1-196-ACO2-144,,,True
2588,ACO2,HSPD1,520,369,Mitochondrion matrix,,HSPD1-369-ACO2-520,,,True
2592,ACO2,HSPD1,520,196,Mitochondrion matrix,,HSPD1-196-ACO2-520,,,True
2598,ACO2,HSPD1,520,473,Mitochondrion matrix,,HSPD1-473-ACO2-520,,,True
2593,ACO2,HSPD1,521,91,Mitochondrion matrix,,HSPD1-91-ACO2-521,,,True
2594,ACO2,HSPD1,521,196,Mitochondrion matrix,,HSPD1-196-ACO2-521,,,True
2595,ACO2,HSPD1,521,369,Mitochondrion matrix,,HSPD1-369-ACO2-521,,,True
2597,ACO2,HSPD1,521,191,Mitochondrion matrix,,HSPD1-191-ACO2-521,,,True
2591,ACO2,HSPD1,549,133,Mitochondrion matrix,,HSPD1-133-ACO2-549,,,True
2589,ACO2,HSPD1,730,133,Mitochondrion matrix,,HSPD1-133-ACO2-730,,,True
2590,ACO2,HSPD1,739,91,Mitochondrion matrix,,HSPD1-91-ACO2-739,,,True
2596,ACO2,HSPD1,739,133,Mitochondrion matrix,,HSPD1-133-ACO2-739,,,True
4055,ACOT13,HSPD1,37,369,Mitochondrion matrix,,HSPD1-369-ACOT13-37,,,True
4056,ACOT13,HSPD1,127,133,Mitochondrion matrix,,HSPD1-133-ACOT13-127,,,True
4060,AFG3L2,HSPD1,710,91,Mitochondrion matrix,,HSPD1-91-AFG3L2-710,,,True
4203,AIFM1,HSPD1,278,91,Mitochondrion matrix,,HSPD1-91-AIFM1-278,,,True
1985,AK2,HSPD1,62,205,Mitochondrion matrix,,HSPD1-205-AK2-62,,,True
3589,AK4,HSPD1,60,91,Mitochondrion matrix,,HSPD1-91-AK4-60,,,True
3590,AK4,HSPD1,186,133,Mitochondrion matrix,,HSPD1-133-AK4-186,,,True
3875,ALDH18A1,HSPD1,68,75,Mitochondrion matrix,,HSPD1-75-ALDH18A1-68,,,True
3876,ALDH18A1,HSPD1,300,133,Mitochondrion matrix,,HSPD1-133-ALDH18A1-300,,,True
3877,ALDH18A1,HSPD1,409,133,Mitochondrion matrix,,HSPD1-133-ALDH18A1-409,,,True
3872,ALDH18A1,HSPD1,424,191,Mitochondrion matrix,,HSPD1-191-ALDH18A1-424,,,True
3873,ALDH18A1,HSPD1,424,369,Mitochondrion matrix,,HSPD1-369-ALDH18A1-424,,,True
3878,ALDH18A1,HSPD1,424,133,Mitochondrion matrix,,HSPD1-133-ALDH18A1-424,,,True
3874,ALDH18A1,HSPD1,662,133,Mitochondrion matrix,,HSPD1-133-ALDH18A1-662,,,True
3251,ALDH1B1,HSPD1,81,91,Mitochondrion matrix,,HSPD1-91-ALDH1B1-81,,,True
3252,ALDH1B1,HSPD1,81,364,Mitochondrion matrix,,HSPD1-364-ALDH1B1-81,,,True
3240,ALDH1B1,HSPD1,342,369,Mitochondrion matrix,,HSPD1-369-ALDH1B1-342,,,True
3243,ALDH1B1,HSPD1,364,91,Mitochondrion matrix,,HSPD1-91-ALDH1B1-364,,,True
3245,ALDH1B1,HSPD1,364,133,Mitochondrion matrix,,HSPD1-133-ALDH1B1-364,,,True
3247,ALDH1B1,HSPD1,364,82,Mitochondrion matrix,,HSPD1-82-ALDH1B1-364,,,True
3242,ALDH1B1,HSPD1,379,133,Mitochondrion matrix,,HSPD1-133-ALDH1B1-379,,,True
3248,ALDH1B1,HSPD1,379,91,Mitochondrion matrix,,HSPD1-91-ALDH1B1-379,,,True
3249,ALDH1B1,HSPD1,379,196,Mitochondrion matrix,,HSPD1-196-ALDH1B1-379,,,True
3253,ALDH1B1,HSPD1,379,87,Mitochondrion matrix,,HSPD1-87-ALDH1B1-379,,,True
3239,ALDH1B1,HSPD1,383,91,Mitochondrion matrix,,HSPD1-91-ALDH1B1-383,,,True
3246,ALDH1B1,HSPD1,399,133,Mitochondrion matrix,,HSPD1-133-ALDH1B1-399,,,True
3244,ALDH1B1,HSPD1,426,196,Mitochondrion matrix,,HSPD1-196-ALDH1B1-426,,,True
3250,ALDH1B1,HSPD1,426,91,Mitochondrion matrix,,HSPD1-91-ALDH1B1-426,,,True
3241,ALDH1B1,HSPD1,429,133,Mitochondrion matrix,,HSPD1-133-ALDH1B1-429,,,True
3756,ALDH2,HSPD1,73,91,Mitochondrion matrix,,HSPD1-91-ALDH2-73,,,True
3749,ALDH2,HSPD1,368,133,Mitochondrion matrix,,HSPD1-133-ALDH2-368,,,True
3750,ALDH2,HSPD1,368,96,Mitochondrion matrix,,HSPD1-96-ALDH2-368,,,True
3755,ALDH2,HSPD1,368,369,Mitochondrion matrix,,HSPD1-369-ALDH2-368,,,True
3748,ALDH2,HSPD1,378,133,Mitochondrion matrix,,HSPD1-133-ALDH2-378,,,True
3751,ALDH2,HSPD1,378,473,Mitochondrion matrix,,HSPD1-473-ALDH2-378,,,True
3753,ALDH2,HSPD1,378,91,Mitochondrion matrix,,HSPD1-91-ALDH2-378,,,True
3754,ALDH2,HSPD1,378,75,Mitochondrion matrix,,HSPD1-75-ALDH2-378,,,True
3752,ALDH2,HSPD1,428,133,Mitochondrion matrix,,HSPD1-133-ALDH2-428,,,True
4086,ALDH7A1,HSPD1,352,133,Mitochondrion matrix,,HSPD1-133-ALDH7A1-352,,,True
4087,ALDH7A1,HSPD1,352,196,Mitochondrion matrix,,HSPD1-196-ALDH7A1-352,,,True
4088,ALDH7A1,HSPD1,352,473,Mitochondrion matrix,,HSPD1-473-ALDH7A1-352,,,True
3840,ALDH9A1,HSPD1,30,133,Mitochondrion matrix,,HSPD1-133-ALDH9A1-30,,,True
3842,ALDH9A1,HSPD1,30,91,Mitochondrion matrix,,HSPD1-91-ALDH9A1-30,,,True
3837,ALDH9A1,HSPD1,347,133,Mitochondrion matrix,,HSPD1-133-ALDH9A1-347,,,True
3838,ALDH9A1,HSPD1,347,369,Mitochondrion matrix,,HSPD1-369-ALDH9A1-347,,,True
3839,ALDH9A1,HSPD1,347,364,Mitochondrion matrix,,HSPD1-364-ALDH9A1-347,,,True
3841,ALDH9A1,HSPD1,347,196,Mitochondrion matrix,,HSPD1-196-ALDH9A1-347,,,True
3827,AP2A1,HSPD1,403,481,Mitochondrion matrix,,HSPD1-481-AP2A1-403,,,True
4212,APOB,HSPD1,2425,301,Mitochondrion matrix,,HSPD1-301-APOB-2425,,,True
4201,ARG2,HSPD1,241,196,Mitochondrion matrix,,HSPD1-196-ARG2-241,,,True
140,ATAD1,TOMM70,53,84,Mitochondrion outer membrane #membrane protein,Cytoplasmic,TOMM70-84-ATAD1-53,,,True
141,ATAD1,TOMM70,263,178,Mitochondrion outer membrane #membrane protein,Cytoplasmic,TOMM70-178-ATAD1-263,,,True
142,ATAD1,TOMM70,263,185,Mitochondrion outer membrane #membrane protein,Cytoplasmic,TOMM70-185-ATAD1-263,,,True
149,ATAD1,SYNJ2BP,274,48,Mitochondrion outer membrane ,Cytoplasmic,SYNJ2BP-48-ATAD1-274,,,True
2067,ATAD3A,HSPD1,549,369,Mitochondrion matrix,,HSPD1-369-ATAD3A-549,,,True
3763,ATP5F1,HSPD1,162,369,Mitochondrion matrix,,HSPD1-369-ATP5F1-162,,,True
3765,ATP5F1,HSPD1,162,133,Mitochondrion matrix,,HSPD1-133-ATP5F1-162,,,True
3764,ATP5F1,HSPD1,233,369,Mitochondrion matrix,,HSPD1-369-ATP5F1-233,,,True
3766,ATP5F1,HSPD1,233,196,Mitochondrion matrix,,HSPD1-196-ATP5F1-233,,,True
3767,ATP5F1,HSPD1,233,91,Mitochondrion matrix,,HSPD1-91-ATP5F1-233,,,True
561,ATP5F1A,HSPD1,167,364,Mitochondrion matrix,,HSPD1-364-ATP5F1A-167,,,True
567,ATP5F1A,HSPD1,167,473,Mitochondrion matrix,,HSPD1-473-ATP5F1A-167,,,True
580,ATP5F1A,HSPD1,167,133,Mitochondrion matrix,,HSPD1-133-ATP5F1A-167,,,True
573,ATP5F1A,HSPD1,175,292,Mitochondrion matrix,,HSPD1-292-ATP5F1A-175,,,True
560,ATP5F1A,HSPD1,218,369,Mitochondrion matrix,,HSPD1-369-ATP5F1A-218,,,True
581,ATP5F1A,HSPD1,305,133,Mitochondrion matrix,,HSPD1-133-ATP5F1A-305,,,True
563,ATP5F1A,HSPD1,427,133,Mitochondrion matrix,,HSPD1-133-ATP5F1A-427,,,True
571,ATP5F1A,HSPD1,427,369,Mitochondrion matrix,,HSPD1-369-ATP5F1A-427,,,True
584,ATP5F1A,HSPD1,427,292,Mitochondrion matrix,,HSPD1-292-ATP5F1A-427,,,True
559,ATP5F1A,HSPD1,498,72,Mitochondrion matrix,,HSPD1-72-ATP5F1A-498,,,True
556,ATP5F1A,HSPD1,531,133,Mitochondrion matrix,,HSPD1-133-ATP5F1A-531,,,True
557,ATP5F1A,HSPD1,531,369,Mitochondrion matrix,,HSPD1-369-ATP5F1A-531,,,True
558,ATP5F1A,HSPD1,531,96,Mitochondrion matrix,,HSPD1-96-ATP5F1A-531,,,True
565,ATP5F1A,HSPD1,531,130,Mitochondrion matrix,,HSPD1-130-ATP5F1A-531,,,True
566,ATP5F1A,HSPD1,531,364,Mitochondrion matrix,,HSPD1-364-ATP5F1A-531,,,True
569,ATP5F1A,HSPD1,531,301,Mitochondrion matrix,,HSPD1-301-ATP5F1A-531,,,True
572,ATP5F1A,HSPD1,531,87,Mitochondrion matrix,,HSPD1-87-ATP5F1A-531,,,True
576,ATP5F1A,HSPD1,531,473,Mitochondrion matrix,,HSPD1-473-ATP5F1A-531,,,True
577,ATP5F1A,HSPD1,531,91,Mitochondrion matrix,,HSPD1-91-ATP5F1A-531,,,True
578,ATP5F1A,HSPD1,531,191,Mitochondrion matrix,,HSPD1-191-ATP5F1A-531,,,True
582,ATP5F1A,HSPD1,531,233,Mitochondrion matrix,,HSPD1-233-ATP5F1A-531,,,True
583,ATP5F1A,HSPD1,531,196,Mitochondrion matrix,,HSPD1-196-ATP5F1A-531,,,True
585,ATP5F1A,HSPD1,531,31,Mitochondrion matrix,,HSPD1-31-ATP5F1A-531,,,True
586,ATP5F1A,HSPD1,531,72,Mitochondrion matrix,,HSPD1-72-ATP5F1A-531,,,True
562,ATP5F1A,HSPD1,539,87,Mitochondrion matrix,,HSPD1-87-ATP5F1A-539,,,True
564,ATP5F1A,HSPD1,539,91,Mitochondrion matrix,,HSPD1-91-ATP5F1A-539,,,True
568,ATP5F1A,HSPD1,539,180,Mitochondrion matrix,,HSPD1-180-ATP5F1A-539,,,True
570,ATP5F1A,HSPD1,539,369,Mitochondrion matrix,,HSPD1-369-ATP5F1A-539,,,True
574,ATP5F1A,HSPD1,539,473,Mitochondrion matrix,,HSPD1-473-ATP5F1A-539,,,True
575,ATP5F1A,HSPD1,539,133,Mitochondrion matrix,,HSPD1-133-ATP5F1A-539,,,True
579,ATP5F1A,HSPD1,539,191,Mitochondrion matrix,,HSPD1-191-ATP5F1A-539,,,True
587,ATP5F1A,HSPD1,539,301,Mitochondrion matrix,,HSPD1-301-ATP5F1A-539,,,True
1772,ATP5F1B,HSPD1,124,369,Mitochondrion matrix,,HSPD1-369-ATP5F1B-124,,,True
1773,ATP5F1B,HSPD1,124,233,Mitochondrion matrix,,HSPD1-233-ATP5F1B-124,,,True
1775,ATP5F1B,HSPD1,124,133,Mitochondrion matrix,,HSPD1-133-ATP5F1B-124,,,True
1778,ATP5F1B,HSPD1,124,72,Mitochondrion matrix,,HSPD1-72-ATP5F1B-124,,,True
1784,ATP5F1B,HSPD1,124,473,Mitochondrion matrix,,HSPD1-473-ATP5F1B-124,,,True
1785,ATP5F1B,HSPD1,124,191,Mitochondrion matrix,,HSPD1-191-ATP5F1B-124,,,True
1770,ATP5F1B,HSPD1,133,133,Mitochondrion matrix,,HSPD1-133-ATP5F1B-133,,,True
1777,ATP5F1B,HSPD1,133,191,Mitochondrion matrix,,HSPD1-191-ATP5F1B-133,,,True
1769,ATP5F1B,HSPD1,159,133,Mitochondrion matrix,,HSPD1-133-ATP5F1B-159,,,True
1779,ATP5F1B,HSPD1,159,292,Mitochondrion matrix,,HSPD1-292-ATP5F1B-159,,,True
1781,ATP5F1B,HSPD1,159,91,Mitochondrion matrix,,HSPD1-91-ATP5F1B-159,,,True
1783,ATP5F1B,HSPD1,159,369,Mitochondrion matrix,,HSPD1-369-ATP5F1B-159,,,True
1788,ATP5F1B,HSPD1,159,473,Mitochondrion matrix,,HSPD1-473-ATP5F1B-159,,,True
1789,ATP5F1B,HSPD1,198,133,Mitochondrion matrix,,HSPD1-133-ATP5F1B-198,,,True
1774,ATP5F1B,HSPD1,259,91,Mitochondrion matrix,,HSPD1-91-ATP5F1B-259,,,True
1780,ATP5F1B,HSPD1,264,133,Mitochondrion matrix,,HSPD1-133-ATP5F1B-264,,,True
1787,ATP5F1B,HSPD1,264,191,Mitochondrion matrix,,HSPD1-191-ATP5F1B-264,,,True
1776,ATP5F1B,HSPD1,350,133,Mitochondrion matrix,,HSPD1-133-ATP5F1B-350,,,True
1786,ATP5F1B,HSPD1,350,473,Mitochondrion matrix,,HSPD1-473-ATP5F1B-350,,,True
1768,ATP5F1B,HSPD1,522,91,Mitochondrion matrix,,HSPD1-91-ATP5F1B-522,,,True
1771,ATP5F1B,HSPD1,522,473,Mitochondrion matrix,,HSPD1-473-ATP5F1B-522,,,True
1782,ATP5F1B,HSPD1,522,133,Mitochondrion matrix,,HSPD1-133-ATP5F1B-522,,,True
1790,ATP5F1B,HSPD1,522,369,Mitochondrion matrix,,HSPD1-369-ATP5F1B-522,,,True
1791,ATP5F1B,HSPD1,522,87,Mitochondrion matrix,,HSPD1-87-ATP5F1B-522,,,True
3685,ATP5F1E,HSPD1,37,369,Mitochondrion matrix,,HSPD1-369-ATP5F1E-37,,,True
2659,ATP5H,HSPD1,63,91,Mitochondrion matrix,,HSPD1-91-ATP5H-63,,,True
2673,ATP5H,HSPD1,63,369,Mitochondrion matrix,,HSPD1-369-ATP5H-63,,,True
2674,ATP5H,HSPD1,63,473,Mitochondrion matrix,,HSPD1-473-ATP5H-63,,,True
2663,ATP5H,HSPD1,72,91,Mitochondrion matrix,,HSPD1-91-ATP5H-72,,,True
2668,ATP5H,HSPD1,72,473,Mitochondrion matrix,,HSPD1-473-ATP5H-72,,,True
2669,ATP5H,HSPD1,72,196,Mitochondrion matrix,,HSPD1-196-ATP5H-72,,,True
2665,ATP5H,HSPD1,73,369,Mitochondrion matrix,,HSPD1-369-ATP5H-73,,,True
2670,ATP5H,HSPD1,73,133,Mitochondrion matrix,,HSPD1-133-ATP5H-73,,,True
2672,ATP5H,HSPD1,73,91,Mitochondrion matrix,,HSPD1-91-ATP5H-73,,,True
2660,ATP5H,HSPD1,78,133,Mitochondrion matrix,,HSPD1-133-ATP5H-78,,,True
2666,ATP5H,HSPD1,78,473,Mitochondrion matrix,,HSPD1-473-ATP5H-78,,,True
2667,ATP5H,HSPD1,78,369,Mitochondrion matrix,,HSPD1-369-ATP5H-78,,,True
2662,ATP5H,HSPD1,85,473,Mitochondrion matrix,,HSPD1-473-ATP5H-85,,,True
2661,ATP5H,HSPD1,95,473,Mitochondrion matrix,,HSPD1-473-ATP5H-95,,,True
2664,ATP5H,HSPD1,95,369,Mitochondrion matrix,,HSPD1-369-ATP5H-95,,,True
2675,ATP5H,HSPD1,95,133,Mitochondrion matrix,,HSPD1-133-ATP5H-95,,,True
2671,ATP5H,HSPD1,117,133,Mitochondrion matrix,,HSPD1-133-ATP5H-117,,,True
2429,ATP5J,HSPD1,99,133,Mitochondrion matrix,,HSPD1-133-ATP5J-99,,,True
4134,ATP5L,HSPD1,54,133,Mitochondrion matrix,,HSPD1-133-ATP5L-54,,,True
1737,ATP5O,HSPD1,54,133,Mitochondrion matrix,,HSPD1-133-ATP5O-54,,,True
1739,ATP5O,HSPD1,54,473,Mitochondrion matrix,,HSPD1-473-ATP5O-54,,,True
1740,ATP5O,HSPD1,54,91,Mitochondrion matrix,,HSPD1-91-ATP5O-54,,,True
1741,ATP5O,HSPD1,54,87,Mitochondrion matrix,,HSPD1-87-ATP5O-54,,,True
1743,ATP5O,HSPD1,54,75,Mitochondrion matrix,,HSPD1-75-ATP5O-54,,,True
1735,ATP5O,HSPD1,60,133,Mitochondrion matrix,,HSPD1-133-ATP5O-60,,,True
1738,ATP5O,HSPD1,60,91,Mitochondrion matrix,,HSPD1-91-ATP5O-60,,,True
1742,ATP5O,HSPD1,60,369,Mitochondrion matrix,,HSPD1-369-ATP5O-60,,,True
1734,ATP5O,HSPD1,70,133,Mitochondrion matrix,,HSPD1-133-ATP5O-70,,,True
1736,ATP5O,HSPD1,73,369,Mitochondrion matrix,,HSPD1-369-ATP5O-73,,,True
1744,ATP5O,HSPD1,98,473,Mitochondrion matrix,,HSPD1-473-ATP5O-98,,,True
3562,ATPAF1,HSPD1,156,91,Mitochondrion matrix,,HSPD1-91-ATPAF1-156,,,True
1709,ATPIF1,HSPD1,49,196,Mitochondrion matrix,,HSPD1-196-ATPIF1-49,,,True
1712,ATPIF1,HSPD1,49,91,Mitochondrion matrix,,HSPD1-91-ATPIF1-49,,,True
1708,ATPIF1,HSPD1,90,369,Mitochondrion matrix,,HSPD1-369-ATPIF1-90,,,True
1710,ATPIF1,HSPD1,90,473,Mitochondrion matrix,,HSPD1-473-ATPIF1-90,,,True
1711,ATPIF1,HSPD1,90,196,Mitochondrion matrix,,HSPD1-196-ATPIF1-90,,,True
3907,BCAT2,HSPD1,44,133,Mitochondrion matrix,,HSPD1-133-BCAT2-44,,,True
3904,BCAT2,HSPD1,353,473,Mitochondrion matrix,,HSPD1-473-BCAT2-353,,,True
3905,BCAT2,HSPD1,377,133,Mitochondrion matrix,,HSPD1-133-BCAT2-377,,,True
3906,BCAT2,HSPD1,377,91,Mitochondrion matrix,,HSPD1-91-BCAT2-377,,,True
3958,BCS1L,HSPD1,300,133,Mitochondrion matrix,,HSPD1-133-BCS1L-300,,,True
2769,C1QBP,HSPD1,91,369,Mitochondrion matrix,,HSPD1-369-C1QBP-91,,,True
2773,C1QBP,HSPD1,91,133,Mitochondrion matrix,,HSPD1-133-C1QBP-91,,,True
2777,C1QBP,HSPD1,91,91,Mitochondrion matrix,,HSPD1-91-C1QBP-91,,,True
2778,C1QBP,HSPD1,91,75,Mitochondrion matrix,,HSPD1-75-C1QBP-91,,,True
2776,C1QBP,HSPD1,100,75,Mitochondrion matrix,,HSPD1-75-C1QBP-100,,,True
2768,C1QBP,HSPD1,123,196,Mitochondrion matrix,,HSPD1-196-C1QBP-123,,,True
2770,C1QBP,HSPD1,123,31,Mitochondrion matrix,,HSPD1-31-C1QBP-123,,,True
2771,C1QBP,HSPD1,123,75,Mitochondrion matrix,,HSPD1-75-C1QBP-123,,,True
2774,C1QBP,HSPD1,123,473,Mitochondrion matrix,,HSPD1-473-C1QBP-123,,,True
2775,C1QBP,HSPD1,123,364,Mitochondrion matrix,,HSPD1-364-C1QBP-123,,,True
2779,C1QBP,HSPD1,123,125,Mitochondrion matrix,,HSPD1-125-C1QBP-123,,,True
2781,C1QBP,HSPD1,123,133,Mitochondrion matrix,,HSPD1-133-C1QBP-123,,,True
2782,C1QBP,HSPD1,123,91,Mitochondrion matrix,,HSPD1-91-C1QBP-123,,,True
2772,C1QBP,HSPD1,179,473,Mitochondrion matrix,,HSPD1-473-C1QBP-179,,,True
2780,C1QBP,HSPD1,179,91,Mitochondrion matrix,,HSPD1-91-C1QBP-179,,,True
2783,C1QBP,HSPD1,280,473,Mitochondrion matrix,,HSPD1-473-C1QBP-280,,,True
2928,C21orf33,HSPD1,151,87,Mitochondrion matrix,,HSPD1-87-C21orf33-151,,,True
2933,C21orf33,HSPD1,151,91,Mitochondrion matrix,,HSPD1-91-C21orf33-151,,,True
2926,C21orf33,HSPD1,154,133,Mitochondrion matrix,,HSPD1-133-C21orf33-154,,,True
2932,C21orf33,HSPD1,154,91,Mitochondrion matrix,,HSPD1-91-C21orf33-154,,,True
2922,C21orf33,HSPD1,157,91,Mitochondrion matrix,,HSPD1-91-C21orf33-157,,,True
2923,C21orf33,HSPD1,157,196,Mitochondrion matrix,,HSPD1-196-C21orf33-157,,,True
2931,C21orf33,HSPD1,157,133,Mitochondrion matrix,,HSPD1-133-C21orf33-157,,,True
2925,C21orf33,HSPD1,164,133,Mitochondrion matrix,,HSPD1-133-C21orf33-164,,,True
2919,C21orf33,HSPD1,203,133,Mitochondrion matrix,,HSPD1-133-C21orf33-203,,,True
2921,C21orf33,HSPD1,203,91,Mitochondrion matrix,,HSPD1-91-C21orf33-203,,,True
2924,C21orf33,HSPD1,219,191,Mitochondrion matrix,,HSPD1-191-C21orf33-219,,,True
2929,C21orf33,HSPD1,219,133,Mitochondrion matrix,,HSPD1-133-C21orf33-219,,,True
2916,C21orf33,HSPD1,233,82,Mitochondrion matrix,,HSPD1-82-C21orf33-233,,,True
2917,C21orf33,HSPD1,233,133,Mitochondrion matrix,,HSPD1-133-C21orf33-233,,,True
2930,C21orf33,HSPD1,233,130,Mitochondrion matrix,,HSPD1-130-C21orf33-233,,,True
2918,C21orf33,HSPD1,261,191,Mitochondrion matrix,,HSPD1-191-C21orf33-261,,,True
2920,C21orf33,HSPD1,261,133,Mitochondrion matrix,,HSPD1-133-C21orf33-261,,,True
2927,C21orf33,HSPD1,261,91,Mitochondrion matrix,,HSPD1-91-C21orf33-261,,,True
2934,C21orf33,HSPD1,261,473,Mitochondrion matrix,,HSPD1-473-C21orf33-261,,,True
4180,CBR4,HSPD1,164,292,Mitochondrion matrix,,HSPD1-292-CBR4-164,,,True
2044,CCDC127,HSPD1,112,125,Mitochondrion matrix,,HSPD1-125-CCDC127-112,,,True
4189,CCDC51,HSPD1,162,369,Mitochondrion matrix,,HSPD1-369-CCDC51-162,,,True
4089,CENPE,HSPD1,1261,75,Mitochondrion matrix,,HSPD1-75-CENPE-1261,,,True
1954,CISD1,SYNJ2BP,104,48,Mitochondrion outer membrane ,Cytoplasmic,SYNJ2BP-48-CISD1-104,,,True
4168,CLPP,HSPD1,203,473,Mitochondrion matrix,,HSPD1-473-CLPP-203,,,True
3413,COX4I1,HSPD1,60,160,Mitochondrion matrix,,HSPD1-160-COX4I1-60,,,True
3414,COX4I1,HSPD1,60,523,Mitochondrion matrix,,HSPD1-523-COX4I1-60,,,True
3415,COX4I1,HSPD1,60,133,Mitochondrion matrix,,HSPD1-133-COX4I1-60,,,True
3416,COX4I1,HSPD1,60,473,Mitochondrion matrix,,HSPD1-473-COX4I1-60,,,True
3417,COX4I1,HSPD1,60,191,Mitochondrion matrix,,HSPD1-191-COX4I1-60,,,True
3418,COX4I1,HSPD1,87,369,Mitochondrion matrix,,HSPD1-369-COX4I1-87,,,True
2627,COX5B,HSPD1,57,133,Mitochondrion matrix,,HSPD1-133-COX5B-57,,,True
2626,COX5B,HSPD1,86,369,Mitochondrion matrix,,HSPD1-369-COX5B-86,,,True
2628,COX5B,HSPD1,121,133,Mitochondrion matrix,,HSPD1-133-COX5B-121,,,True
3836,COX6C,HSPD1,2,473,Mitochondrion matrix,,HSPD1-473-COX6C-2,,,True
3883,CPT2,HSPD1,79,91,Mitochondrion matrix,,HSPD1-91-CPT2-79,,,True
3885,CPT2,HSPD1,104,82,Mitochondrion matrix,,HSPD1-82-CPT2-104,,,True
3884,CPT2,HSPD1,305,91,Mitochondrion matrix,,HSPD1-91-CPT2-305,,,True
4210,CRYZ,HSPD1,23,82,Mitochondrion matrix,,HSPD1-82-CRYZ-23,,,True
2835,CS,HSPD1,43,364,Mitochondrion matrix,,HSPD1-364-CS-43,,,True
2832,CS,HSPD1,76,133,Mitochondrion matrix,,HSPD1-133-CS-76,,,True
2834,CS,HSPD1,103,133,Mitochondrion matrix,,HSPD1-133-CS-103,,,True
2837,CS,HSPD1,103,191,Mitochondrion matrix,,HSPD1-191-CS-103,,,True
2838,CS,HSPD1,103,91,Mitochondrion matrix,,HSPD1-91-CS-103,,,True
2831,CS,HSPD1,321,31,Mitochondrion matrix,,HSPD1-31-CS-321,,,True
2833,CS,HSPD1,321,196,Mitochondrion matrix,,HSPD1-196-CS-321,,,True
2836,CS,HSPD1,321,473,Mitochondrion matrix,,HSPD1-473-CS-321,,,True
2839,CS,HSPD1,321,133,Mitochondrion matrix,,HSPD1-133-CS-321,,,True
2840,CS,HSPD1,382,91,Mitochondrion matrix,,HSPD1-91-CS-382,,,True
62,CYB5B,TOMM70,30,118,Mitochondrion outer membrane #membrane protein,Cytoplasmic,TOMM70-118-CYB5B-30,,123..140,True
1923,CYB5R1,SYNJ2BP,62,48,Mitochondrion outer membrane ,Cytoplasmic,SYNJ2BP-48-CYB5R1-62,,,True
21,CYB5R3,TOMM70,120,118,Mitochondrion outer membrane #membrane protein,Cytoplasmic,TOMM70-118-CYB5R3-120,,,True
22,CYB5R3,TOMM70,120,178,Mitochondrion outer membrane #membrane protein,Cytoplasmic,TOMM70-178-CYB5R3-120,,,True
23,CYB5R3,TOMM70,120,359,Mitochondrion outer membrane #membrane protein,Cytoplasmic,TOMM70-359-CYB5R3-120,,,True
32,CYB5R3,SYNJ2BP,120,48,Mitochondrion outer membrane ,Cytoplasmic,SYNJ2BP-48-CYB5R3-120,,,True
2074,CYCS,HSPD1,40,205,Mitochondrion matrix,,HSPD1-205-CYCS-40,,,True
3407,DAP3,HSPD1,203,91,Mitochondrion matrix,,HSPD1-91-DAP3-203,,,True
3405,DAP3,HSPD1,218,133,Mitochondrion matrix,,HSPD1-133-DAP3-218,,,True
3406,DAP3,HSPD1,378,523,Mitochondrion matrix,,HSPD1-523-DAP3-378,,,True
4045,DARS2,HSPD1,362,133,Mitochondrion matrix,,HSPD1-133-DARS2-362,,,True
4046,DARS2,HSPD1,362,82,Mitochondrion matrix,,HSPD1-82-DARS2-362,,,True
2517,DLD,HSPD1,132,364,Mitochondrion matrix,,HSPD1-364-DLD-132,,,True
2515,DLD,HSPD1,143,191,Mitochondrion matrix,,HSPD1-191-DLD-143,,,True
2525,DLD,HSPD1,143,133,Mitochondrion matrix,,HSPD1-133-DLD-143,,,True
2532,DLD,HSPD1,143,369,Mitochondrion matrix,,HSPD1-369-DLD-143,,,True
2519,DLD,HSPD1,159,133,Mitochondrion matrix,,HSPD1-133-DLD-159,,,True
2534,DLD,HSPD1,159,369,Mitochondrion matrix,,HSPD1-369-DLD-159,,,True
2538,DLD,HSPD1,159,91,Mitochondrion matrix,,HSPD1-91-DLD-159,,,True
2521,DLD,HSPD1,267,473,Mitochondrion matrix,,HSPD1-473-DLD-267,,,True
2524,DLD,HSPD1,267,233,Mitochondrion matrix,,HSPD1-233-DLD-267,,,True
2530,DLD,HSPD1,267,364,Mitochondrion matrix,,HSPD1-364-DLD-267,,,True
2535,DLD,HSPD1,267,191,Mitochondrion matrix,,HSPD1-191-DLD-267,,,True
2536,DLD,HSPD1,267,292,Mitochondrion matrix,,HSPD1-292-DLD-267,,,True
2537,DLD,HSPD1,267,369,Mitochondrion matrix,,HSPD1-369-DLD-267,,,True
2533,DLD,HSPD1,273,191,Mitochondrion matrix,,HSPD1-191-DLD-273,,,True
2518,DLD,HSPD1,277,196,Mitochondrion matrix,,HSPD1-196-DLD-277,,,True
2522,DLD,HSPD1,277,191,Mitochondrion matrix,,HSPD1-191-DLD-277,,,True
2526,DLD,HSPD1,277,133,Mitochondrion matrix,,HSPD1-133-DLD-277,,,True
2527,DLD,HSPD1,277,473,Mitochondrion matrix,,HSPD1-473-DLD-277,,,True
2529,DLD,HSPD1,277,369,Mitochondrion matrix,,HSPD1-369-DLD-277,,,True
2523,DLD,HSPD1,420,369,Mitochondrion matrix,,HSPD1-369-DLD-420,,,True
2516,DLD,HSPD1,430,364,Mitochondrion matrix,,HSPD1-364-DLD-430,,,True
2528,DLD,HSPD1,430,369,Mitochondrion matrix,,HSPD1-369-DLD-430,,,True
2531,DLD,HSPD1,430,75,Mitochondrion matrix,,HSPD1-75-DLD-430,,,True
2520,DLD,HSPD1,445,369,Mitochondrion matrix,,HSPD1-369-DLD-445,,,True
3137,DLST,HSPD1,152,369,Mitochondrion matrix,,HSPD1-369-DLST-152,,,True
3932,DNAJA3,HSPD1,107,133,Mitochondrion matrix,,HSPD1-133-DNAJA3-107,,,True
3933,DNAJA3,HSPD1,107,364,Mitochondrion matrix,,HSPD1-364-DNAJA3-107,,,True
3936,DNAJA3,HSPD1,107,369,Mitochondrion matrix,,HSPD1-369-DNAJA3-107,,,True
3934,DNAJA3,HSPD1,111,369,Mitochondrion matrix,,HSPD1-369-DNAJA3-111,,,True
3935,DNAJA3,HSPD1,111,196,Mitochondrion matrix,,HSPD1-196-DNAJA3-111,,,True
3218,ECI1,HSPD1,89,133,Mitochondrion matrix,,HSPD1-133-ECI1-89,,,True
3221,ECI1,HSPD1,89,205,Mitochondrion matrix,,HSPD1-205-ECI1-89,,,True
3224,ECI1,HSPD1,89,359,Mitochondrion matrix,,HSPD1-359-ECI1-89,,,True
3219,ECI1,HSPD1,260,369,Mitochondrion matrix,,HSPD1-369-ECI1-260,,,True
3220,ECI1,HSPD1,260,364,Mitochondrion matrix,,HSPD1-364-ECI1-260,,,True
3223,ECI1,HSPD1,260,191,Mitochondrion matrix,,HSPD1-191-ECI1-260,,,True
3217,ECI1,HSPD1,283,133,Mitochondrion matrix,,HSPD1-133-ECI1-283,,,True
3222,ECI1,HSPD1,283,196,Mitochondrion matrix,,HSPD1-196-ECI1-283,,,True
3225,ECI1,HSPD1,283,75,Mitochondrion matrix,,HSPD1-75-ECI1-283,,,True
2350,ETFA,HSPD1,139,191,Mitochondrion matrix,,HSPD1-191-ETFA-139,,,True
2355,ETFA,HSPD1,139,133,Mitochondrion matrix,,HSPD1-133-ETFA-139,,,True
2352,ETFA,HSPD1,206,292,Mitochondrion matrix,,HSPD1-292-ETFA-206,,,True
2354,ETFA,HSPD1,206,91,Mitochondrion matrix,,HSPD1-91-ETFA-206,,,True
2356,ETFA,HSPD1,206,369,Mitochondrion matrix,,HSPD1-369-ETFA-206,,,True
2351,ETFA,HSPD1,226,369,Mitochondrion matrix,,HSPD1-369-ETFA-226,,,True
2353,ETFA,HSPD1,226,133,Mitochondrion matrix,,HSPD1-133-ETFA-226,,,True
2357,ETFA,HSPD1,226,301,Mitochondrion matrix,,HSPD1-301-ETFA-226,,,True
3737,ETFB,HSPD1,200,369,Mitochondrion matrix,,HSPD1-369-ETFB-200,,,True
3736,ETFB,HSPD1,205,191,Mitochondrion matrix,,HSPD1-191-ETFB-205,,,True
118,FAF2,SYNJ2BP,167,48,Mitochondrion outer membrane ,Cytoplasmic,SYNJ2BP-48-FAF2-167,,,True
4188,FAHD1,HSPD1,137,292,Mitochondrion matrix,,HSPD1-292-FAHD1-137,,,True
3722,FH,HSPD1,61,91,Mitochondrion matrix,,HSPD1-91-FH-61,,,True
3725,FH,HSPD1,61,196,Mitochondrion matrix,,HSPD1-196-FH-61,,,True
3718,FH,HSPD1,94,369,Mitochondrion matrix,,HSPD1-369-FH-94,,,True
3719,FH,HSPD1,115,31,Mitochondrion matrix,,HSPD1-31-FH-115,,,True
3720,FH,HSPD1,115,133,Mitochondrion matrix,,HSPD1-133-FH-115,,,True
3724,FH,HSPD1,115,91,Mitochondrion matrix,,HSPD1-91-FH-115,,,True
3723,FH,HSPD1,263,133,Mitochondrion matrix,,HSPD1-133-FH-263,,,True
3721,FH,HSPD1,473,133,Mitochondrion matrix,,HSPD1-133-FH-473,,,True
1938,FKBP8,SYNJ2BP,314,48,Mitochondrion outer membrane ,Cytoplasmic,SYNJ2BP-48-FKBP8-314,,,True
1939,FKBP8,SYNJ2BP,340,48,Mitochondrion outer membrane ,Cytoplasmic,SYNJ2BP-48-FKBP8-340,,,True
4192,FLAD1,HSPD1,204,369,Mitochondrion matrix,,HSPD1-369-FLAD1-204,,,True
3819,FOXRED1,HSPD1,42,418,Mitochondrion matrix,,HSPD1-418-FOXRED1-42,,,True
3820,FOXRED1,HSPD1,184,202,Mitochondrion matrix,,HSPD1-202-FOXRED1-184,,,True
3821,FOXRED1,HSPD1,184,418,Mitochondrion matrix,,HSPD1-418-FOXRED1-184,,,True
4179,FXN,HSPD1,197,133,Mitochondrion matrix,,HSPD1-133-FXN-197,,,True
4161,GCAT,HSPD1,170,82,Mitochondrion matrix,,HSPD1-82-GCAT-170,,,True
4160,GCAT,HSPD1,193,82,Mitochondrion matrix,,HSPD1-82-GCAT-193,,,True
4197,GCDH,HSPD1,240,301,Mitochondrion matrix,,HSPD1-301-GCDH-240,,,True
3944,GFM1,HSPD1,80,133,Mitochondrion matrix,,HSPD1-133-GFM1-80,,,True
3945,GFM1,HSPD1,302,75,Mitochondrion matrix,,HSPD1-75-GFM1-302,,,True
3947,GFM1,HSPD1,460,91,Mitochondrion matrix,,HSPD1-91-GFM1-460,,,True
3949,GFM1,HSPD1,460,133,Mitochondrion matrix,,HSPD1-133-GFM1-460,,,True
3943,GFM1,HSPD1,468,133,Mitochondrion matrix,,HSPD1-133-GFM1-468,,,True
3948,GFM1,HSPD1,468,91,Mitochondrion matrix,,HSPD1-91-GFM1-468,,,True
3946,GFM1,HSPD1,541,473,Mitochondrion matrix,,HSPD1-473-GFM1-541,,,True
1892,GK,SYNJ2BP,128,48,Mitochondrion outer membrane ,Cytoplasmic,SYNJ2BP-48-GK-128,,,True
4155,GLRX5,HSPD1,151,133,Mitochondrion matrix,,HSPD1-133-GLRX5-151,,,True
4156,GLRX5,HSPD1,151,91,Mitochondrion matrix,,HSPD1-91-GLRX5-151,,,True
4157,GLRX5,HSPD1,151,75,Mitochondrion matrix,,HSPD1-75-GLRX5-151,,,True
3980,GLS,HSPD1,311,369,Mitochondrion matrix,,HSPD1-369-GLS-311,,,True
3375,GLUD1,HSPD1,147,292,Mitochondrion matrix,,HSPD1-292-GLUD1-147,,,True
3373,GLUD1,HSPD1,187,292,Mitochondrion matrix,,HSPD1-292-GLUD1-187,,,True
3374,GLUD1,HSPD1,191,473,Mitochondrion matrix,,HSPD1-473-GLUD1-191,,,True
3376,GLUD1,HSPD1,191,133,Mitochondrion matrix,,HSPD1-133-GLUD1-191,,,True
3382,GLUD1,HSPD1,191,369,Mitochondrion matrix,,HSPD1-369-GLUD1-191,,,True
3380,GLUD1,HSPD1,363,91,Mitochondrion matrix,,HSPD1-91-GLUD1-363,,,True
3383,GLUD1,HSPD1,363,133,Mitochondrion matrix,,HSPD1-133-GLUD1-363,,,True
3381,GLUD1,HSPD1,365,133,Mitochondrion matrix,,HSPD1-133-GLUD1-365,,,True
3372,GLUD1,HSPD1,390,133,Mitochondrion matrix,,HSPD1-133-GLUD1-390,,,True
3379,GLUD1,HSPD1,390,292,Mitochondrion matrix,,HSPD1-292-GLUD1-390,,,True
3377,GLUD1,HSPD1,480,31,Mitochondrion matrix,,HSPD1-31-GLUD1-480,,,True
3378,GLUD1,HSPD1,480,133,Mitochondrion matrix,,HSPD1-133-GLUD1-480,,,True
3118,GOT2,HSPD1,82,133,Mitochondrion matrix,,HSPD1-133-GOT2-82,,,True
3120,GOT2,HSPD1,82,369,Mitochondrion matrix,,HSPD1-369-GOT2-82,,,True
3115,GOT2,HSPD1,90,133,Mitochondrion matrix,,HSPD1-133-GOT2-90,,,True
3123,GOT2,HSPD1,90,473,Mitochondrion matrix,,HSPD1-473-GOT2-90,,,True
3114,GOT2,HSPD1,150,125,Mitochondrion matrix,,HSPD1-125-GOT2-150,,,True
3124,GOT2,HSPD1,150,191,Mitochondrion matrix,,HSPD1-191-GOT2-150,,,True
3125,GOT2,HSPD1,150,196,Mitochondrion matrix,,HSPD1-196-GOT2-150,,,True
3119,GOT2,HSPD1,302,369,Mitochondrion matrix,,HSPD1-369-GOT2-302,,,True
3122,GOT2,HSPD1,302,133,Mitochondrion matrix,,HSPD1-133-GOT2-302,,,True
3116,GOT2,HSPD1,363,191,Mitochondrion matrix,,HSPD1-191-GOT2-363,,,True
3117,GOT2,HSPD1,363,473,Mitochondrion matrix,,HSPD1-473-GOT2-363,,,True
3121,GOT2,HSPD1,430,91,Mitochondrion matrix,,HSPD1-91-GOT2-430,,,True
4090,GPT2,HSPD1,85,91,Mitochondrion matrix,,HSPD1-91-GPT2-85,,,True
4091,GPT2,HSPD1,85,292,Mitochondrion matrix,,HSPD1-292-GPT2-85,,,True
4092,GPT2,HSPD1,415,233,Mitochondrion matrix,,HSPD1-233-GPT2-415,,,True
3614,GRPEL1,HSPD1,34,473,Mitochondrion matrix,,HSPD1-473-GRPEL1-34,,,True
3619,GRPEL1,HSPD1,34,91,Mitochondrion matrix,,HSPD1-91-GRPEL1-34,,,True
3620,GRPEL1,HSPD1,72,369,Mitochondrion matrix,,HSPD1-369-GRPEL1-72,,,True
3616,GRPEL1,HSPD1,186,75,Mitochondrion matrix,,HSPD1-75-GRPEL1-186,,,True
3617,GRPEL1,HSPD1,186,91,Mitochondrion matrix,,HSPD1-91-GRPEL1-186,,,True
3613,GRPEL1,HSPD1,215,196,Mitochondrion matrix,,HSPD1-196-GRPEL1-215,,,True
3615,GRPEL1,HSPD1,215,96,Mitochondrion matrix,,HSPD1-96-GRPEL1-215,,,True
3618,GRPEL1,HSPD1,215,133,Mitochondrion matrix,,HSPD1-133-GRPEL1-215,,,True
3621,GRPEL1,HSPD1,215,125,Mitochondrion matrix,,HSPD1-125-GRPEL1-215,,,True
3847,GSR,HSPD1,296,133,Mitochondrion matrix,,HSPD1-133-GSR-296,,,True
4137,GSTK1,HSPD1,71,196,Mitochondrion matrix,,HSPD1-196-GSTK1-71,,,True
4148,GUK1,HSPD1,22,292,Mitochondrion matrix,,HSPD1-292-GUK1-22,,,True
3290,HADH,HSPD1,192,91,Mitochondrion matrix,,HSPD1-91-HADH-192,,,True
3291,HADH,HSPD1,192,133,Mitochondrion matrix,,HSPD1-133-HADH-192,,,True
4108,HADHA,HSPD1,60,369,Mitochondrion matrix,,HSPD1-369-HADHA-60,,,True
4109,HADHA,HSPD1,359,133,Mitochondrion matrix,,HSPD1-133-HADHA-359,,,True
4106,HADHA,HSPD1,519,369,Mitochondrion matrix,,HSPD1-369-HADHA-519,,,True
4107,HADHA,HSPD1,519,473,Mitochondrion matrix,,HSPD1-473-HADHA-519,,,True
4110,HADHA,HSPD1,519,91,Mitochondrion matrix,,HSPD1-91-HADHA-519,,,True
4105,HADHA,HSPD1,728,133,Mitochondrion matrix,,HSPD1-133-HADHA-728,,,True
3823,HDHD5,HSPD1,132,96,Mitochondrion matrix,,HSPD1-96-HDHD5-132,,,True
3822,HDHD5,HSPD1,269,292,Mitochondrion matrix,,HSPD1-292-HDHD5-269,,,True
3999,HIBCH,HSPD1,92,133,Mitochondrion matrix,,HSPD1-133-HIBCH-92,,,True
4000,HIBCH,HSPD1,92,91,Mitochondrion matrix,,HSPD1-91-HIBCH-92,,,True
3998,HIBCH,HSPD1,301,91,Mitochondrion matrix,,HSPD1-91-HIBCH-301,,,True
3430,HINT2,HSPD1,123,133,Mitochondrion matrix,,HSPD1-133-HINT2-123,,,True
1512,HSD17B10,HSPD1,52,91,Mitochondrion matrix,,HSPD1-91-HSD17B10-52,,,True
1513,HSD17B10,HSPD1,52,191,Mitochondrion matrix,,HSPD1-191-HSD17B10-52,,,True
1511,HSD17B10,HSPD1,53,133,Mitochondrion matrix,,HSPD1-133-HSD17B10-53,,,True
1507,HSD17B10,HSPD1,69,91,Mitochondrion matrix,,HSPD1-91-HSD17B10-69,,,True
1504,HSD17B10,HSPD1,105,369,Mitochondrion matrix,,HSPD1-369-HSD17B10-105,,,True
1505,HSD17B10,HSPD1,105,133,Mitochondrion matrix,,HSPD1-133-HSD17B10-105,,,True
1506,HSD17B10,HSPD1,105,196,Mitochondrion matrix,,HSPD1-196-HSD17B10-105,,,True
1508,HSD17B10,HSPD1,105,87,Mitochondrion matrix,,HSPD1-87-HSD17B10-105,,,True
1509,HSD17B10,HSPD1,105,91,Mitochondrion matrix,,HSPD1-91-HSD17B10-105,,,True
1510,HSD17B10,HSPD1,105,75,Mitochondrion matrix,,HSPD1-75-HSD17B10-105,,,True
1955,HSD17B7,SYNJ2BP,329,48,Mitochondrion outer membrane ,Cytoplasmic,SYNJ2BP-48-HSD17B7-329,,,True
3869,HSD17B8,HSPD1,61,133,Mitochondrion matrix,,HSPD1-133-HSD17B8-61,,,True
3868,HSD17B8,HSPD1,213,91,Mitochondrion matrix,,HSPD1-91-HSD17B8-213,,,True
1119,HSPA9,HSPD1,73,191,Mitochondrion matrix,,HSPD1-191-HSPA9-73,,,True
1116,HSPA9,HSPD1,76,292,Mitochondrion matrix,,HSPD1-292-HSPA9-76,,,True
1166,HSPA9,HSPD1,76,133,Mitochondrion matrix,,HSPD1-133-HSPA9-76,,,True
1230,HSPA9,HSPD1,76,473,Mitochondrion matrix,,HSPD1-473-HSPA9-76,,,True
1138,HSPA9,HSPD1,106,31,Mitochondrion matrix,,HSPD1-31-HSPA9-106,,,True
1176,HSPA9,HSPD1,106,292,Mitochondrion matrix,,HSPD1-292-HSPA9-106,,,True
1097,HSPA9,HSPD1,135,196,Mitochondrion matrix,,HSPD1-196-HSPA9-135,,,True
1145,HSPA9,HSPD1,135,369,Mitochondrion matrix,,HSPD1-369-HSPA9-135,,,True
1147,HSPA9,HSPD1,135,191,Mitochondrion matrix,,HSPD1-191-HSPA9-135,,,True
1158,HSPA9,HSPD1,135,125,Mitochondrion matrix,,HSPD1-125-HSPA9-135,,,True
1159,HSPA9,HSPD1,135,87,Mitochondrion matrix,,HSPD1-87-HSPA9-135,,,True
1169,HSPA9,HSPD1,135,133,Mitochondrion matrix,,HSPD1-133-HSPA9-135,,,True
1177,HSPA9,HSPD1,135,469,Mitochondrion matrix,,HSPD1-469-HSPA9-135,,,True
1180,HSPA9,HSPD1,135,364,Mitochondrion matrix,,HSPD1-364-HSPA9-135,,,True
1220,HSPA9,HSPD1,135,292,Mitochondrion matrix,,HSPD1-292-HSPA9-135,,,True
1235,HSPA9,HSPD1,135,75,Mitochondrion matrix,,HSPD1-75-HSPA9-135,,,True
1096,HSPA9,HSPD1,138,130,Mitochondrion matrix,,HSPD1-130-HSPA9-138,,,True
1104,HSPA9,HSPD1,138,473,Mitochondrion matrix,,HSPD1-473-HSPA9-138,,,True
1120,HSPA9,HSPD1,138,196,Mitochondrion matrix,,HSPD1-196-HSPA9-138,,,True
1124,HSPA9,HSPD1,138,364,Mitochondrion matrix,,HSPD1-364-HSPA9-138,,,True
1142,HSPA9,HSPD1,138,469,Mitochondrion matrix,,HSPD1-469-HSPA9-138,,,True
1150,HSPA9,HSPD1,138,75,Mitochondrion matrix,,HSPD1-75-HSPA9-138,,,True
1152,HSPA9,HSPD1,138,31,Mitochondrion matrix,,HSPD1-31-HSPA9-138,,,True
1153,HSPA9,HSPD1,138,369,Mitochondrion matrix,,HSPD1-369-HSPA9-138,,,True
1161,HSPA9,HSPD1,138,133,Mitochondrion matrix,,HSPD1-133-HSPA9-138,,,True
1183,HSPA9,HSPD1,138,91,Mitochondrion matrix,,HSPD1-91-HSPA9-138,,,True
1193,HSPA9,HSPD1,138,87,Mitochondrion matrix,,HSPD1-87-HSPA9-138,,,True
1255,HSPA9,HSPD1,138,292,Mitochondrion matrix,,HSPD1-292-HSPA9-138,,,True
1204,HSPA9,HSPD1,143,133,Mitochondrion matrix,,HSPD1-133-HSPA9-143,,,True
1221,HSPA9,HSPD1,143,292,Mitochondrion matrix,,HSPD1-292-HSPA9-143,,,True
1171,HSPA9,HSPD1,173,196,Mitochondrion matrix,,HSPD1-196-HSPA9-173,,,True
1130,HSPA9,HSPD1,187,133,Mitochondrion matrix,,HSPD1-133-HSPA9-187,,,True
1136,HSPA9,HSPD1,187,75,Mitochondrion matrix,,HSPD1-75-HSPA9-187,,,True
1093,HSPA9,HSPD1,206,96,Mitochondrion matrix,,HSPD1-96-HSPA9-206,,,True
1107,HSPA9,HSPD1,206,75,Mitochondrion matrix,,HSPD1-75-HSPA9-206,,,True
1112,HSPA9,HSPD1,206,473,Mitochondrion matrix,,HSPD1-473-HSPA9-206,,,True
1127,HSPA9,HSPD1,206,82,Mitochondrion matrix,,HSPD1-82-HSPA9-206,,,True
1151,HSPA9,HSPD1,206,369,Mitochondrion matrix,,HSPD1-369-HSPA9-206,,,True
1154,HSPA9,HSPD1,206,292,Mitochondrion matrix,,HSPD1-292-HSPA9-206,,,True
1191,HSPA9,HSPD1,206,191,Mitochondrion matrix,,HSPD1-191-HSPA9-206,,,True
1217,HSPA9,HSPD1,206,91,Mitochondrion matrix,,HSPD1-91-HSPA9-206,,,True
1226,HSPA9,HSPD1,206,125,Mitochondrion matrix,,HSPD1-125-HSPA9-206,,,True
1234,HSPA9,HSPD1,206,133,Mitochondrion matrix,,HSPD1-133-HSPA9-206,,,True
1236,HSPA9,HSPD1,206,87,Mitochondrion matrix,,HSPD1-87-HSPA9-206,,,True
1241,HSPA9,HSPD1,206,364,Mitochondrion matrix,,HSPD1-364-HSPA9-206,,,True
1209,HSPA9,HSPD1,234,292,Mitochondrion matrix,,HSPD1-292-HSPA9-234,,,True
1099,HSPA9,HSPD1,288,82,Mitochondrion matrix,,HSPD1-82-HSPA9-288,,,True
1110,HSPA9,HSPD1,288,292,Mitochondrion matrix,,HSPD1-292-HSPA9-288,,,True
1200,HSPA9,HSPD1,288,191,Mitochondrion matrix,,HSPD1-191-HSPA9-288,,,True
1254,HSPA9,HSPD1,288,205,Mitochondrion matrix,,HSPD1-205-HSPA9-288,,,True
1256,HSPA9,HSPD1,288,473,Mitochondrion matrix,,HSPD1-473-HSPA9-288,,,True
1260,HSPA9,HSPD1,288,75,Mitochondrion matrix,,HSPD1-75-HSPA9-288,,,True
1092,HSPA9,HSPD1,291,75,Mitochondrion matrix,,HSPD1-75-HSPA9-291,,,True
1103,HSPA9,HSPD1,291,91,Mitochondrion matrix,,HSPD1-91-HSPA9-291,,,True
1109,HSPA9,HSPD1,291,196,Mitochondrion matrix,,HSPD1-196-HSPA9-291,,,True
1134,HSPA9,HSPD1,291,125,Mitochondrion matrix,,HSPD1-125-HSPA9-291,,,True
1181,HSPA9,HSPD1,291,364,Mitochondrion matrix,,HSPD1-364-HSPA9-291,,,True
1194,HSPA9,HSPD1,291,359,Mitochondrion matrix,,HSPD1-359-HSPA9-291,,,True
1207,HSPA9,HSPD1,291,369,Mitochondrion matrix,,HSPD1-369-HSPA9-291,,,True
1229,HSPA9,HSPD1,291,481,Mitochondrion matrix,,HSPD1-481-HSPA9-291,,,True
1243,HSPA9,HSPD1,291,133,Mitochondrion matrix,,HSPD1-133-HSPA9-291,,,True
1105,HSPA9,HSPD1,300,75,Mitochondrion matrix,,HSPD1-75-HSPA9-300,,,True
1106,HSPA9,HSPD1,300,418,Mitochondrion matrix,,HSPD1-418-HSPA9-300,,,True
1108,HSPA9,HSPD1,300,82,Mitochondrion matrix,,HSPD1-82-HSPA9-300,,,True
1111,HSPA9,HSPD1,300,133,Mitochondrion matrix,,HSPD1-133-HSPA9-300,,,True
1114,HSPA9,HSPD1,300,359,Mitochondrion matrix,,HSPD1-359-HSPA9-300,,,True
1123,HSPA9,HSPD1,300,473,Mitochondrion matrix,,HSPD1-473-HSPA9-300,,,True
1170,HSPA9,HSPD1,300,196,Mitochondrion matrix,,HSPD1-196-HSPA9-300,,,True
1172,HSPA9,HSPD1,300,91,Mitochondrion matrix,,HSPD1-91-HSPA9-300,,,True
1198,HSPA9,HSPD1,300,292,Mitochondrion matrix,,HSPD1-292-HSPA9-300,,,True
1201,HSPA9,HSPD1,300,364,Mitochondrion matrix,,HSPD1-364-HSPA9-300,,,True
1202,HSPA9,HSPD1,300,205,Mitochondrion matrix,,HSPD1-205-HSPA9-300,,,True
1206,HSPA9,HSPD1,300,369,Mitochondrion matrix,,HSPD1-369-HSPA9-300,,,True
1213,HSPA9,HSPD1,300,233,Mitochondrion matrix,,HSPD1-233-HSPA9-300,,,True
1237,HSPA9,HSPD1,300,202,Mitochondrion matrix,,HSPD1-202-HSPA9-300,,,True
1239,HSPA9,HSPD1,300,125,Mitochondrion matrix,,HSPD1-125-HSPA9-300,,,True
1253,HSPA9,HSPD1,300,191,Mitochondrion matrix,,HSPD1-191-HSPA9-300,,,True
1143,HSPA9,HSPD1,314,82,Mitochondrion matrix,,HSPD1-82-HSPA9-314,,,True
1175,HSPA9,HSPD1,314,292,Mitochondrion matrix,,HSPD1-292-HSPA9-314,,,True
1131,HSPA9,HSPD1,345,292,Mitochondrion matrix,,HSPD1-292-HSPA9-345,,,True
1215,HSPA9,HSPD1,345,96,Mitochondrion matrix,,HSPD1-96-HSPA9-345,,,True
1115,HSPA9,HSPD1,368,91,Mitochondrion matrix,,HSPD1-91-HSPA9-368,,,True
1164,HSPA9,HSPD1,368,75,Mitochondrion matrix,,HSPD1-75-HSPA9-368,,,True
1251,HSPA9,HSPD1,368,96,Mitochondrion matrix,,HSPD1-96-HSPA9-368,,,True
1118,HSPA9,HSPD1,394,191,Mitochondrion matrix,,HSPD1-191-HSPA9-394,,,True
1137,HSPA9,HSPD1,394,292,Mitochondrion matrix,,HSPD1-292-HSPA9-394,,,True
1148,HSPA9,HSPD1,394,369,Mitochondrion matrix,,HSPD1-369-HSPA9-394,,,True
1155,HSPA9,HSPD1,394,87,Mitochondrion matrix,,HSPD1-87-HSPA9-394,,,True
1160,HSPA9,HSPD1,394,133,Mitochondrion matrix,,HSPD1-133-HSPA9-394,,,True
1162,HSPA9,HSPD1,394,91,Mitochondrion matrix,,HSPD1-91-HSPA9-394,,,True
1185,HSPA9,HSPD1,394,233,Mitochondrion matrix,,HSPD1-233-HSPA9-394,,,True
1186,HSPA9,HSPD1,394,96,Mitochondrion matrix,,HSPD1-96-HSPA9-394,,,True
1190,HSPA9,HSPD1,394,473,Mitochondrion matrix,,HSPD1-473-HSPA9-394,,,True
1199,HSPA9,HSPD1,394,469,Mitochondrion matrix,,HSPD1-469-HSPA9-394,,,True
1219,HSPA9,HSPD1,394,31,Mitochondrion matrix,,HSPD1-31-HSPA9-394,,,True
1223,HSPA9,HSPD1,394,364,Mitochondrion matrix,,HSPD1-364-HSPA9-394,,,True
1227,HSPA9,HSPD1,394,196,Mitochondrion matrix,,HSPD1-196-HSPA9-394,,,True
1231,HSPA9,HSPD1,394,75,Mitochondrion matrix,,HSPD1-75-HSPA9-394,,,True
1122,HSPA9,HSPD1,468,82,Mitochondrion matrix,,HSPD1-82-HSPA9-468,,,True
1218,HSPA9,HSPD1,468,91,Mitochondrion matrix,,HSPD1-91-HSPA9-468,,,True
1247,HSPA9,HSPD1,468,523,Mitochondrion matrix,,HSPD1-523-HSPA9-468,,,True
1259,HSPA9,HSPD1,468,31,Mitochondrion matrix,,HSPD1-31-HSPA9-468,,,True
1098,HSPA9,HSPD1,537,31,Mitochondrion matrix,,HSPD1-31-HSPA9-537,,,True
1129,HSPA9,HSPD1,537,364,Mitochondrion matrix,,HSPD1-364-HSPA9-537,,,True
1132,HSPA9,HSPD1,537,72,Mitochondrion matrix,,HSPD1-72-HSPA9-537,,,True
1133,HSPA9,HSPD1,537,125,Mitochondrion matrix,,HSPD1-125-HSPA9-537,,,True
1157,HSPA9,HSPD1,537,301,Mitochondrion matrix,,HSPD1-301-HSPA9-537,,,True
1165,HSPA9,HSPD1,537,91,Mitochondrion matrix,,HSPD1-91-HSPA9-537,,,True
1210,HSPA9,HSPD1,537,82,Mitochondrion matrix,,HSPD1-82-HSPA9-537,,,True
1212,HSPA9,HSPD1,537,96,Mitochondrion matrix,,HSPD1-96-HSPA9-537,,,True
1232,HSPA9,HSPD1,537,75,Mitochondrion matrix,,HSPD1-75-HSPA9-537,,,True
1246,HSPA9,HSPD1,537,369,Mitochondrion matrix,,HSPD1-369-HSPA9-537,,,True
1117,HSPA9,HSPD1,567,133,Mitochondrion matrix,,HSPD1-133-HSPA9-567,,,True
1135,HSPA9,HSPD1,567,473,Mitochondrion matrix,,HSPD1-473-HSPA9-567,,,True
1141,HSPA9,HSPD1,567,82,Mitochondrion matrix,,HSPD1-82-HSPA9-567,,,True
1156,HSPA9,HSPD1,567,91,Mitochondrion matrix,,HSPD1-91-HSPA9-567,,,True
1222,HSPA9,HSPD1,567,75,Mitochondrion matrix,,HSPD1-75-HSPA9-567,,,True
1257,HSPA9,HSPD1,567,364,Mitochondrion matrix,,HSPD1-364-HSPA9-567,,,True
1178,HSPA9,HSPD1,610,196,Mitochondrion matrix,,HSPD1-196-HSPA9-610,,,True
1113,HSPA9,HSPD1,612,473,Mitochondrion matrix,,HSPD1-473-HSPA9-612,,,True
1125,HSPA9,HSPD1,612,125,Mitochondrion matrix,,HSPD1-125-HSPA9-612,,,True
1128,HSPA9,HSPD1,612,301,Mitochondrion matrix,,HSPD1-301-HSPA9-612,,,True
1140,HSPA9,HSPD1,612,389,Mitochondrion matrix,,HSPD1-389-HSPA9-612,,,True
1168,HSPA9,HSPD1,612,31,Mitochondrion matrix,,HSPD1-31-HSPA9-612,,,True
1192,HSPA9,HSPD1,612,58,Mitochondrion matrix,,HSPD1-58-HSPA9-612,,,True
1197,HSPA9,HSPD1,612,133,Mitochondrion matrix,,HSPD1-133-HSPA9-612,,,True
1225,HSPA9,HSPD1,612,91,Mitochondrion matrix,,HSPD1-91-HSPA9-612,,,True
1245,HSPA9,HSPD1,612,369,Mitochondrion matrix,,HSPD1-369-HSPA9-612,,,True
1091,HSPA9,HSPD1,625,369,Mitochondrion matrix,,HSPD1-369-HSPA9-625,,,True
1102,HSPA9,HSPD1,625,196,Mitochondrion matrix,,HSPD1-196-HSPA9-625,,,True
1121,HSPA9,HSPD1,625,292,Mitochondrion matrix,,HSPD1-292-HSPA9-625,,,True
1163,HSPA9,HSPD1,625,75,Mitochondrion matrix,,HSPD1-75-HSPA9-625,,,True
1188,HSPA9,HSPD1,625,125,Mitochondrion matrix,,HSPD1-125-HSPA9-625,,,True
1189,HSPA9,HSPD1,625,473,Mitochondrion matrix,,HSPD1-473-HSPA9-625,,,True
1203,HSPA9,HSPD1,625,133,Mitochondrion matrix,,HSPD1-133-HSPA9-625,,,True
1208,HSPA9,HSPD1,625,250,Mitochondrion matrix,,HSPD1-250-HSPA9-625,,,True
1211,HSPA9,HSPD1,625,191,Mitochondrion matrix,,HSPD1-191-HSPA9-625,,,True
1228,HSPA9,HSPD1,625,301,Mitochondrion matrix,,HSPD1-301-HSPA9-625,,,True
1233,HSPA9,HSPD1,625,31,Mitochondrion matrix,,HSPD1-31-HSPA9-625,,,True
1252,HSPA9,HSPD1,625,96,Mitochondrion matrix,,HSPD1-96-HSPA9-625,,,True
1240,HSPA9,HSPD1,646,75,Mitochondrion matrix,,HSPD1-75-HSPA9-646,,,True
1095,HSPA9,HSPD1,653,133,Mitochondrion matrix,,HSPD1-133-HSPA9-653,,,True
1174,HSPA9,HSPD1,653,369,Mitochondrion matrix,,HSPD1-369-HSPA9-653,,,True
1182,HSPA9,HSPD1,653,31,Mitochondrion matrix,,HSPD1-31-HSPA9-653,,,True
1187,HSPA9,HSPD1,653,75,Mitochondrion matrix,,HSPD1-75-HSPA9-653,,,True
1205,HSPA9,HSPD1,653,292,Mitochondrion matrix,,HSPD1-292-HSPA9-653,,,True
1214,HSPA9,HSPD1,653,72,Mitochondrion matrix,,HSPD1-72-HSPA9-653,,,True
1216,HSPA9,HSPD1,653,87,Mitochondrion matrix,,HSPD1-87-HSPA9-653,,,True
1249,HSPA9,HSPD1,653,91,Mitochondrion matrix,,HSPD1-91-HSPA9-653,,,True
1094,HSPA9,HSPD1,654,72,Mitochondrion matrix,,HSPD1-72-HSPA9-654,,,True
1101,HSPA9,HSPD1,654,75,Mitochondrion matrix,,HSPD1-75-HSPA9-654,,,True
1146,HSPA9,HSPD1,654,369,Mitochondrion matrix,,HSPD1-369-HSPA9-654,,,True
1184,HSPA9,HSPD1,654,96,Mitochondrion matrix,,HSPD1-96-HSPA9-654,,,True
1195,HSPA9,HSPD1,654,31,Mitochondrion matrix,,HSPD1-31-HSPA9-654,,,True
1224,HSPA9,HSPD1,654,82,Mitochondrion matrix,,HSPD1-82-HSPA9-654,,,True
1238,HSPA9,HSPD1,654,91,Mitochondrion matrix,,HSPD1-91-HSPA9-654,,,True
1248,HSPA9,HSPD1,654,133,Mitochondrion matrix,,HSPD1-133-HSPA9-654,,,True
1100,HSPA9,HSPD1,671,369,Mitochondrion matrix,,HSPD1-369-HSPA9-671,,,True
1126,HSPA9,HSPD1,671,301,Mitochondrion matrix,,HSPD1-301-HSPA9-671,,,True
1144,HSPA9,HSPD1,671,364,Mitochondrion matrix,,HSPD1-364-HSPA9-671,,,True
1149,HSPA9,HSPD1,671,196,Mitochondrion matrix,,HSPD1-196-HSPA9-671,,,True
1167,HSPA9,HSPD1,671,473,Mitochondrion matrix,,HSPD1-473-HSPA9-671,,,True
1196,HSPA9,HSPD1,671,75,Mitochondrion matrix,,HSPD1-75-HSPA9-671,,,True
1242,HSPA9,HSPD1,671,91,Mitochondrion matrix,,HSPD1-91-HSPA9-671,,,True
1244,HSPA9,HSPD1,671,133,Mitochondrion matrix,,HSPD1-133-HSPA9-671,,,True
1258,HSPA9,HSPD1,671,31,Mitochondrion matrix,,HSPD1-31-HSPA9-671,,,True
1139,HSPA9,HSPD1,675,75,Mitochondrion matrix,,HSPD1-75-HSPA9-675,,,True
1179,HSPA9,HSPD1,675,369,Mitochondrion matrix,,HSPD1-369-HSPA9-675,,,True
1250,HSPA9,HSPD1,675,196,Mitochondrion matrix,,HSPD1-196-HSPA9-675,,,True
1173,HSPA9,HSPD1,678,87,Mitochondrion matrix,,HSPD1-87-HSPA9-678,,,True
2114,HSPE1,HSPD1,8,369,Mitochondrion matrix,,HSPD1-369-HSPE1-8,,,True
2117,HSPE1,HSPD1,8,87,Mitochondrion matrix,,HSPD1-87-HSPE1-8,,,True
2126,HSPE1,HSPD1,8,133,Mitochondrion matrix,,HSPD1-133-HSPE1-8,,,True
2128,HSPE1,HSPD1,8,196,Mitochondrion matrix,,HSPD1-196-HSPE1-8,,,True
2153,HSPE1,HSPD1,8,191,Mitochondrion matrix,,HSPD1-191-HSPE1-8,,,True
2179,HSPE1,HSPD1,8,473,Mitochondrion matrix,,HSPD1-473-HSPE1-8,,,True
2111,HSPE1,HSPD1,28,91,Mitochondrion matrix,,HSPD1-91-HSPE1-28,,,True
2116,HSPE1,HSPD1,28,233,Mitochondrion matrix,,HSPD1-233-HSPE1-28,,,True
2119,HSPE1,HSPD1,28,196,Mitochondrion matrix,,HSPD1-196-HSPE1-28,,,True
2120,HSPE1,HSPD1,28,205,Mitochondrion matrix,,HSPD1-205-HSPE1-28,,,True
2136,HSPE1,HSPD1,28,31,Mitochondrion matrix,,HSPD1-31-HSPE1-28,,,True
2155,HSPE1,HSPD1,28,72,Mitochondrion matrix,,HSPD1-72-HSPE1-28,,,True
2157,HSPE1,HSPD1,28,125,Mitochondrion matrix,,HSPD1-125-HSPE1-28,,,True
2159,HSPE1,HSPD1,28,292,Mitochondrion matrix,,HSPD1-292-HSPE1-28,,,True
2160,HSPE1,HSPD1,28,473,Mitochondrion matrix,,HSPD1-473-HSPE1-28,,,True
2162,HSPE1,HSPD1,28,75,Mitochondrion matrix,,HSPD1-75-HSPE1-28,,,True
2172,HSPE1,HSPD1,28,250,Mitochondrion matrix,,HSPD1-250-HSPE1-28,,,True
2174,HSPE1,HSPD1,28,191,Mitochondrion matrix,,HSPD1-191-HSPE1-28,,,True
2177,HSPE1,HSPD1,28,236,Mitochondrion matrix,,HSPD1-236-HSPE1-28,,,True
2182,HSPE1,HSPD1,28,364,Mitochondrion matrix,,HSPD1-364-HSPE1-28,,,True
2186,HSPE1,HSPD1,28,96,Mitochondrion matrix,,HSPD1-96-HSPE1-28,,,True
2188,HSPE1,HSPD1,28,310,Mitochondrion matrix,,HSPD1-310-HSPE1-28,,,True
2191,HSPE1,HSPD1,28,82,Mitochondrion matrix,,HSPD1-82-HSPE1-28,,,True
2195,HSPE1,HSPD1,28,133,Mitochondrion matrix,,HSPD1-133-HSPE1-28,,,True
2196,HSPE1,HSPD1,28,87,Mitochondrion matrix,,HSPD1-87-HSPE1-28,,,True
2199,HSPE1,HSPD1,28,359,Mitochondrion matrix,,HSPD1-359-HSPE1-28,,,True
2201,HSPE1,HSPD1,28,369,Mitochondrion matrix,,HSPD1-369-HSPE1-28,,,True
2206,HSPE1,HSPD1,28,249,Mitochondrion matrix,,HSPD1-249-HSPE1-28,,,True
2207,HSPE1,HSPD1,28,481,Mitochondrion matrix,,HSPD1-481-HSPE1-28,,,True
2214,HSPE1,HSPD1,28,301,Mitochondrion matrix,,HSPD1-301-HSPE1-28,,,True
2113,HSPE1,HSPD1,36,473,Mitochondrion matrix,,HSPD1-473-HSPE1-36,,,True
2132,HSPE1,HSPD1,36,75,Mitochondrion matrix,,HSPD1-75-HSPE1-36,,,True
2134,HSPE1,HSPD1,36,292,Mitochondrion matrix,,HSPD1-292-HSPE1-36,,,True
2145,HSPE1,HSPD1,36,249,Mitochondrion matrix,,HSPD1-249-HSPE1-36,,,True
2146,HSPE1,HSPD1,36,359,Mitochondrion matrix,,HSPD1-359-HSPE1-36,,,True
2151,HSPE1,HSPD1,36,87,Mitochondrion matrix,,HSPD1-87-HSPE1-36,,,True
2154,HSPE1,HSPD1,36,233,Mitochondrion matrix,,HSPD1-233-HSPE1-36,,,True
2158,HSPE1,HSPD1,36,91,Mitochondrion matrix,,HSPD1-91-HSPE1-36,,,True
2163,HSPE1,HSPD1,36,205,Mitochondrion matrix,,HSPD1-205-HSPE1-36,,,True
2166,HSPE1,HSPD1,36,82,Mitochondrion matrix,,HSPD1-82-HSPE1-36,,,True
2171,HSPE1,HSPD1,36,31,Mitochondrion matrix,,HSPD1-31-HSPE1-36,,,True
2175,HSPE1,HSPD1,36,72,Mitochondrion matrix,,HSPD1-72-HSPE1-36,,,True
2176,HSPE1,HSPD1,36,133,Mitochondrion matrix,,HSPD1-133-HSPE1-36,,,True
2178,HSPE1,HSPD1,36,125,Mitochondrion matrix,,HSPD1-125-HSPE1-36,,,True
2187,HSPE1,HSPD1,36,96,Mitochondrion matrix,,HSPD1-96-HSPE1-36,,,True
2189,HSPE1,HSPD1,36,301,Mitochondrion matrix,,HSPD1-301-HSPE1-36,,,True
2190,HSPE1,HSPD1,36,191,Mitochondrion matrix,,HSPD1-191-HSPE1-36,,,True
2202,HSPE1,HSPD1,36,364,Mitochondrion matrix,,HSPD1-364-HSPE1-36,,,True
2208,HSPE1,HSPD1,36,369,Mitochondrion matrix,,HSPD1-369-HSPE1-36,,,True
2217,HSPE1,HSPD1,36,481,Mitochondrion matrix,,HSPD1-481-HSPE1-36,,,True
2129,HSPE1,HSPD1,40,364,Mitochondrion matrix,,HSPD1-364-HSPE1-40,,,True
2138,HSPE1,HSPD1,40,75,Mitochondrion matrix,,HSPD1-75-HSPE1-40,,,True
2140,HSPE1,HSPD1,40,191,Mitochondrion matrix,,HSPD1-191-HSPE1-40,,,True
2143,HSPE1,HSPD1,40,31,Mitochondrion matrix,,HSPD1-31-HSPE1-40,,,True
2168,HSPE1,HSPD1,40,133,Mitochondrion matrix,,HSPD1-133-HSPE1-40,,,True
2181,HSPE1,HSPD1,40,82,Mitochondrion matrix,,HSPD1-82-HSPE1-40,,,True
2183,HSPE1,HSPD1,40,473,Mitochondrion matrix,,HSPD1-473-HSPE1-40,,,True
2197,HSPE1,HSPD1,40,91,Mitochondrion matrix,,HSPD1-91-HSPE1-40,,,True
2212,HSPE1,HSPD1,40,359,Mitochondrion matrix,,HSPD1-359-HSPE1-40,,,True
2112,HSPE1,HSPD1,54,191,Mitochondrion matrix,,HSPD1-191-HSPE1-54,,,True
2161,HSPE1,HSPD1,54,133,Mitochondrion matrix,,HSPD1-133-HSPE1-54,,,True
2165,HSPE1,HSPD1,54,369,Mitochondrion matrix,,HSPD1-369-HSPE1-54,,,True
2211,HSPE1,HSPD1,54,473,Mitochondrion matrix,,HSPD1-473-HSPE1-54,,,True
2118,HSPE1,HSPD1,56,96,Mitochondrion matrix,,HSPD1-96-HSPE1-56,,,True
2121,HSPE1,HSPD1,56,133,Mitochondrion matrix,,HSPD1-133-HSPE1-56,,,True
2127,HSPE1,HSPD1,56,91,Mitochondrion matrix,,HSPD1-91-HSPE1-56,,,True
2133,HSPE1,HSPD1,56,364,Mitochondrion matrix,,HSPD1-364-HSPE1-56,,,True
2135,HSPE1,HSPD1,56,130,Mitochondrion matrix,,HSPD1-130-HSPE1-56,,,True
2150,HSPE1,HSPD1,56,473,Mitochondrion matrix,,HSPD1-473-HSPE1-56,,,True
2156,HSPE1,HSPD1,56,75,Mitochondrion matrix,,HSPD1-75-HSPE1-56,,,True
2173,HSPE1,HSPD1,56,31,Mitochondrion matrix,,HSPD1-31-HSPE1-56,,,True
2203,HSPE1,HSPD1,56,369,Mitochondrion matrix,,HSPD1-369-HSPE1-56,,,True
2205,HSPE1,HSPD1,56,191,Mitochondrion matrix,,HSPD1-191-HSPE1-56,,,True
2216,HSPE1,HSPD1,56,196,Mitochondrion matrix,,HSPD1-196-HSPE1-56,,,True
2115,HSPE1,HSPD1,66,91,Mitochondrion matrix,,HSPD1-91-HSPE1-66,,,True
2130,HSPE1,HSPD1,66,133,Mitochondrion matrix,,HSPD1-133-HSPE1-66,,,True
2137,HSPE1,HSPD1,66,473,Mitochondrion matrix,,HSPD1-473-HSPE1-66,,,True
2142,HSPE1,HSPD1,66,31,Mitochondrion matrix,,HSPD1-31-HSPE1-66,,,True
2148,HSPE1,HSPD1,66,301,Mitochondrion matrix,,HSPD1-301-HSPE1-66,,,True
2152,HSPE1,HSPD1,66,191,Mitochondrion matrix,,HSPD1-191-HSPE1-66,,,True
2192,HSPE1,HSPD1,66,250,Mitochondrion matrix,,HSPD1-250-HSPE1-66,,,True
2193,HSPE1,HSPD1,66,369,Mitochondrion matrix,,HSPD1-369-HSPE1-66,,,True
2123,HSPE1,HSPD1,70,96,Mitochondrion matrix,,HSPD1-96-HSPE1-70,,,True
2139,HSPE1,HSPD1,70,31,Mitochondrion matrix,,HSPD1-31-HSPE1-70,,,True
2141,HSPE1,HSPD1,70,125,Mitochondrion matrix,,HSPD1-125-HSPE1-70,,,True
2149,HSPE1,HSPD1,70,473,Mitochondrion matrix,,HSPD1-473-HSPE1-70,,,True
2170,HSPE1,HSPD1,70,191,Mitochondrion matrix,,HSPD1-191-HSPE1-70,,,True
2184,HSPE1,HSPD1,70,91,Mitochondrion matrix,,HSPD1-91-HSPE1-70,,,True
2185,HSPE1,HSPD1,70,292,Mitochondrion matrix,,HSPD1-292-HSPE1-70,,,True
2200,HSPE1,HSPD1,70,364,Mitochondrion matrix,,HSPD1-364-HSPE1-70,,,True
2210,HSPE1,HSPD1,70,133,Mitochondrion matrix,,HSPD1-133-HSPE1-70,,,True
2122,HSPE1,HSPD1,80,96,Mitochondrion matrix,,HSPD1-96-HSPE1-80,,,True
2124,HSPE1,HSPD1,80,31,Mitochondrion matrix,,HSPD1-31-HSPE1-80,,,True
2125,HSPE1,HSPD1,80,82,Mitochondrion matrix,,HSPD1-82-HSPE1-80,,,True
2131,HSPE1,HSPD1,80,133,Mitochondrion matrix,,HSPD1-133-HSPE1-80,,,True
2147,HSPE1,HSPD1,80,369,Mitochondrion matrix,,HSPD1-369-HSPE1-80,,,True
2164,HSPE1,HSPD1,80,91,Mitochondrion matrix,,HSPD1-91-HSPE1-80,,,True
2167,HSPE1,HSPD1,80,191,Mitochondrion matrix,,HSPD1-191-HSPE1-80,,,True
2169,HSPE1,HSPD1,80,292,Mitochondrion matrix,,HSPD1-292-HSPE1-80,,,True
2180,HSPE1,HSPD1,80,359,Mitochondrion matrix,,HSPD1-359-HSPE1-80,,,True
2209,HSPE1,HSPD1,80,364,Mitochondrion matrix,,HSPD1-364-HSPE1-80,,,True
2215,HSPE1,HSPD1,80,75,Mitochondrion matrix,,HSPD1-75-HSPE1-80,,,True
2144,HSPE1,HSPD1,86,91,Mitochondrion matrix,,HSPD1-91-HSPE1-86,,,True
2194,HSPE1,HSPD1,86,364,Mitochondrion matrix,,HSPD1-364-HSPE1-86,,,True
2198,HSPE1,HSPD1,86,196,Mitochondrion matrix,,HSPD1-196-HSPE1-86,,,True
2204,HSPE1,HSPD1,86,369,Mitochondrion matrix,,HSPD1-369-HSPE1-86,,,True
2213,HSPE1,HSPD1,86,133,Mitochondrion matrix,,HSPD1-133-HSPE1-86,,,True
3852,IARS2,HSPD1,189,133,Mitochondrion matrix,,HSPD1-133-IARS2-189,,,True
3851,IARS2,HSPD1,222,133,Mitochondrion matrix,,HSPD1-133-IARS2-222,,,True
3849,IARS2,HSPD1,277,292,Mitochondrion matrix,,HSPD1-292-IARS2-277,,,True
3850,IARS2,HSPD1,455,292,Mitochondrion matrix,,HSPD1-292-IARS2-455,,,True
3848,IARS2,HSPD1,471,91,Mitochondrion matrix,,HSPD1-91-IARS2-471,,,True
3525,IDH3A,HSPD1,100,369,Mitochondrion matrix,,HSPD1-369-IDH3A-100,,,True
3528,IDH3A,HSPD1,223,75,Mitochondrion matrix,,HSPD1-75-IDH3A-223,,,True
3526,IDH3A,HSPD1,343,91,Mitochondrion matrix,,HSPD1-91-IDH3A-343,,,True
3527,IDH3A,HSPD1,343,75,Mitochondrion matrix,,HSPD1-75-IDH3A-343,,,True
3529,IDH3A,HSPD1,343,133,Mitochondrion matrix,,HSPD1-133-IDH3A-343,,,True
4171,IDH3B,HSPD1,218,292,Mitochondrion matrix,,HSPD1-292-IDH3B-218,,,True
4170,IDH3B,HSPD1,354,196,Mitochondrion matrix,,HSPD1-196-IDH3B-354,,,True
4144,IDH3G,HSPD1,315,91,Mitochondrion matrix,,HSPD1-91-IDH3G-315,,,True
4198,IDI1,HSPD1,37,233,Mitochondrion matrix,,HSPD1-233-IDI1-37,,,True
3870,IVD,HSPD1,146,133,Mitochondrion matrix,,HSPD1-133-IVD-146,,,True
4075,LARS2,HSPD1,236,133,Mitochondrion matrix,,HSPD1-133-LARS2-236,,,True
4076,LARS2,HSPD1,236,91,Mitochondrion matrix,,HSPD1-91-LARS2-236,,,True
4077,LARS2,HSPD1,710,292,Mitochondrion matrix,,HSPD1-292-LARS2-710,,,True
4147,LBR,HSPD1,190,31,Mitochondrion matrix,,HSPD1-31-LBR-190,,,True
3570,LONP1,HSPD1,411,125,Mitochondrion matrix,,HSPD1-125-LONP1-411,,,True
3575,LONP1,HSPD1,578,233,Mitochondrion matrix,,HSPD1-233-LONP1-578,,,True
3567,LONP1,HSPD1,688,292,Mitochondrion matrix,,HSPD1-292-LONP1-688,,,True
3569,LONP1,HSPD1,688,481,Mitochondrion matrix,,HSPD1-481-LONP1-688,,,True
3571,LONP1,HSPD1,714,292,Mitochondrion matrix,,HSPD1-292-LONP1-714,,,True
3576,LONP1,HSPD1,896,133,Mitochondrion matrix,,HSPD1-133-LONP1-896,,,True
3568,LONP1,HSPD1,917,301,Mitochondrion matrix,,HSPD1-301-LONP1-917,,,True
3572,LONP1,HSPD1,917,125,Mitochondrion matrix,,HSPD1-125-LONP1-917,,,True
3573,LONP1,HSPD1,917,196,Mitochondrion matrix,,HSPD1-196-LONP1-917,,,True
3574,LONP1,HSPD1,917,91,Mitochondrion matrix,,HSPD1-91-LONP1-917,,,True
2456,LRPPRC,HSPD1,224,133,Mitochondrion matrix,,HSPD1-133-LRPPRC-224,,,True
2457,LRPPRC,HSPD1,224,91,Mitochondrion matrix,,HSPD1-91-LRPPRC-224,,,True
2455,LRPPRC,HSPD1,1098,91,Mitochondrion matrix,,HSPD1-91-LRPPRC-1098,,,True
2458,LRPPRC,HSPD1,1347,369,Mitochondrion matrix,,HSPD1-369-LRPPRC-1347,,,True
2459,LRPPRC,HSPD1,1347,130,Mitochondrion matrix,,HSPD1-130-LRPPRC-1347,,,True
2460,LRPPRC,HSPD1,1347,133,Mitochondrion matrix,,HSPD1-133-LRPPRC-1347,,,True
2461,LRPPRC,HSPD1,1347,87,Mitochondrion matrix,,HSPD1-87-LRPPRC-1347,,,True
4069,LYRM7,HSPD1,35,91,Mitochondrion matrix,,HSPD1-91-LYRM7-35,,,True
4070,LYRM7,HSPD1,82,75,Mitochondrion matrix,,HSPD1-75-LYRM7-82,,,True
4167,MAP4,HSPD1,64,91,Mitochondrion matrix,,HSPD1-91-MAP4-64,,,True
4079,MCCC2,HSPD1,495,91,Mitochondrion matrix,,HSPD1-91-MCCC2-495,,,True
152,MCL1,TOMM70,40,185,Mitochondrion outer membrane #membrane protein,Cytoplasmic,TOMM70-185-MCL1-40,,,True
153,MCL1,TOMM70,40,604,Mitochondrion outer membrane #membrane protein,Cytoplasmic,TOMM70-604-MCL1-40,,,True
735,MDH2,HSPD1,78,133,Mitochondrion matrix,,HSPD1-133-MDH2-78,,,True
755,MDH2,HSPD1,78,191,Mitochondrion matrix,,HSPD1-191-MDH2-78,,,True
759,MDH2,HSPD1,78,91,Mitochondrion matrix,,HSPD1-91-MDH2-78,,,True
765,MDH2,HSPD1,78,292,Mitochondrion matrix,,HSPD1-292-MDH2-78,,,True
766,MDH2,HSPD1,78,473,Mitochondrion matrix,,HSPD1-473-MDH2-78,,,True
797,MDH2,HSPD1,78,125,Mitochondrion matrix,,HSPD1-125-MDH2-78,,,True
772,MDH2,HSPD1,91,91,Mitochondrion matrix,,HSPD1-91-MDH2-91,,,True
820,MDH2,HSPD1,91,133,Mitochondrion matrix,,HSPD1-133-MDH2-91,,,True
744,MDH2,HSPD1,105,369,Mitochondrion matrix,,HSPD1-369-MDH2-105,,,True
781,MDH2,HSPD1,105,473,Mitochondrion matrix,,HSPD1-473-MDH2-105,,,True
793,MDH2,HSPD1,105,91,Mitochondrion matrix,,HSPD1-91-MDH2-105,,,True
798,MDH2,HSPD1,105,191,Mitochondrion matrix,,HSPD1-191-MDH2-105,,,True
800,MDH2,HSPD1,105,133,Mitochondrion matrix,,HSPD1-133-MDH2-105,,,True
801,MDH2,HSPD1,105,196,Mitochondrion matrix,,HSPD1-196-MDH2-105,,,True
807,MDH2,HSPD1,105,180,Mitochondrion matrix,,HSPD1-180-MDH2-105,,,True
826,MDH2,HSPD1,105,205,Mitochondrion matrix,,HSPD1-205-MDH2-105,,,True
827,MDH2,HSPD1,105,364,Mitochondrion matrix,,HSPD1-364-MDH2-105,,,True
737,MDH2,HSPD1,157,75,Mitochondrion matrix,,HSPD1-75-MDH2-157,,,True
750,MDH2,HSPD1,157,133,Mitochondrion matrix,,HSPD1-133-MDH2-157,,,True
751,MDH2,HSPD1,157,191,Mitochondrion matrix,,HSPD1-191-MDH2-157,,,True
777,MDH2,HSPD1,157,96,Mitochondrion matrix,,HSPD1-96-MDH2-157,,,True
783,MDH2,HSPD1,157,292,Mitochondrion matrix,,HSPD1-292-MDH2-157,,,True
799,MDH2,HSPD1,157,82,Mitochondrion matrix,,HSPD1-82-MDH2-157,,,True
816,MDH2,HSPD1,157,205,Mitochondrion matrix,,HSPD1-205-MDH2-157,,,True
732,MDH2,HSPD1,185,75,Mitochondrion matrix,,HSPD1-75-MDH2-185,,,True
739,MDH2,HSPD1,185,125,Mitochondrion matrix,,HSPD1-125-MDH2-185,,,True
756,MDH2,HSPD1,185,369,Mitochondrion matrix,,HSPD1-369-MDH2-185,,,True
768,MDH2,HSPD1,185,473,Mitochondrion matrix,,HSPD1-473-MDH2-185,,,True
773,MDH2,HSPD1,185,133,Mitochondrion matrix,,HSPD1-133-MDH2-185,,,True
779,MDH2,HSPD1,185,191,Mitochondrion matrix,,HSPD1-191-MDH2-185,,,True
806,MDH2,HSPD1,185,364,Mitochondrion matrix,,HSPD1-364-MDH2-185,,,True
813,MDH2,HSPD1,185,196,Mitochondrion matrix,,HSPD1-196-MDH2-185,,,True
817,MDH2,HSPD1,185,91,Mitochondrion matrix,,HSPD1-91-MDH2-185,,,True
745,MDH2,HSPD1,215,133,Mitochondrion matrix,,HSPD1-133-MDH2-215,,,True
770,MDH2,HSPD1,215,196,Mitochondrion matrix,,HSPD1-196-MDH2-215,,,True
733,MDH2,HSPD1,239,133,Mitochondrion matrix,,HSPD1-133-MDH2-239,,,True
734,MDH2,HSPD1,239,91,Mitochondrion matrix,,HSPD1-91-MDH2-239,,,True
736,MDH2,HSPD1,239,191,Mitochondrion matrix,,HSPD1-191-MDH2-239,,,True
752,MDH2,HSPD1,239,130,Mitochondrion matrix,,HSPD1-130-MDH2-239,,,True
763,MDH2,HSPD1,239,249,Mitochondrion matrix,,HSPD1-249-MDH2-239,,,True
774,MDH2,HSPD1,239,87,Mitochondrion matrix,,HSPD1-87-MDH2-239,,,True
785,MDH2,HSPD1,239,481,Mitochondrion matrix,,HSPD1-481-MDH2-239,,,True
787,MDH2,HSPD1,239,369,Mitochondrion matrix,,HSPD1-369-MDH2-239,,,True
795,MDH2,HSPD1,239,125,Mitochondrion matrix,,HSPD1-125-MDH2-239,,,True
802,MDH2,HSPD1,239,364,Mitochondrion matrix,,HSPD1-364-MDH2-239,,,True
812,MDH2,HSPD1,239,473,Mitochondrion matrix,,HSPD1-473-MDH2-239,,,True
823,MDH2,HSPD1,239,310,Mitochondrion matrix,,HSPD1-310-MDH2-239,,,True
746,MDH2,HSPD1,296,364,Mitochondrion matrix,,HSPD1-364-MDH2-296,,,True
747,MDH2,HSPD1,296,191,Mitochondrion matrix,,HSPD1-191-MDH2-296,,,True
757,MDH2,HSPD1,296,91,Mitochondrion matrix,,HSPD1-91-MDH2-296,,,True
786,MDH2,HSPD1,296,125,Mitochondrion matrix,,HSPD1-125-MDH2-296,,,True
791,MDH2,HSPD1,296,82,Mitochondrion matrix,,HSPD1-82-MDH2-296,,,True
794,MDH2,HSPD1,296,473,Mitochondrion matrix,,HSPD1-473-MDH2-296,,,True
811,MDH2,HSPD1,296,96,Mitochondrion matrix,,HSPD1-96-MDH2-296,,,True
818,MDH2,HSPD1,296,133,Mitochondrion matrix,,HSPD1-133-MDH2-296,,,True
738,MDH2,HSPD1,301,369,Mitochondrion matrix,,HSPD1-369-MDH2-301,,,True
742,MDH2,HSPD1,301,125,Mitochondrion matrix,,HSPD1-125-MDH2-301,,,True
743,MDH2,HSPD1,301,31,Mitochondrion matrix,,HSPD1-31-MDH2-301,,,True
758,MDH2,HSPD1,301,196,Mitochondrion matrix,,HSPD1-196-MDH2-301,,,True
761,MDH2,HSPD1,301,364,Mitochondrion matrix,,HSPD1-364-MDH2-301,,,True
767,MDH2,HSPD1,301,473,Mitochondrion matrix,,HSPD1-473-MDH2-301,,,True
775,MDH2,HSPD1,301,91,Mitochondrion matrix,,HSPD1-91-MDH2-301,,,True
776,MDH2,HSPD1,301,292,Mitochondrion matrix,,HSPD1-292-MDH2-301,,,True
784,MDH2,HSPD1,301,191,Mitochondrion matrix,,HSPD1-191-MDH2-301,,,True
789,MDH2,HSPD1,301,205,Mitochondrion matrix,,HSPD1-205-MDH2-301,,,True
809,MDH2,HSPD1,301,75,Mitochondrion matrix,,HSPD1-75-MDH2-301,,,True
814,MDH2,HSPD1,301,301,Mitochondrion matrix,,HSPD1-301-MDH2-301,,,True
815,MDH2,HSPD1,301,133,Mitochondrion matrix,,HSPD1-133-MDH2-301,,,True
730,MDH2,HSPD1,307,369,Mitochondrion matrix,,HSPD1-369-MDH2-307,,,True
760,MDH2,HSPD1,307,91,Mitochondrion matrix,,HSPD1-91-MDH2-307,,,True
762,MDH2,HSPD1,307,125,Mitochondrion matrix,,HSPD1-125-MDH2-307,,,True
778,MDH2,HSPD1,307,133,Mitochondrion matrix,,HSPD1-133-MDH2-307,,,True
796,MDH2,HSPD1,307,473,Mitochondrion matrix,,HSPD1-473-MDH2-307,,,True
803,MDH2,HSPD1,307,130,Mitochondrion matrix,,HSPD1-130-MDH2-307,,,True
804,MDH2,HSPD1,307,31,Mitochondrion matrix,,HSPD1-31-MDH2-307,,,True
808,MDH2,HSPD1,307,191,Mitochondrion matrix,,HSPD1-191-MDH2-307,,,True
822,MDH2,HSPD1,307,523,Mitochondrion matrix,,HSPD1-523-MDH2-307,,,True
741,MDH2,HSPD1,314,369,Mitochondrion matrix,,HSPD1-369-MDH2-314,,,True
749,MDH2,HSPD1,314,364,Mitochondrion matrix,,HSPD1-364-MDH2-314,,,True
788,MDH2,HSPD1,314,473,Mitochondrion matrix,,HSPD1-473-MDH2-314,,,True
821,MDH2,HSPD1,314,196,Mitochondrion matrix,,HSPD1-196-MDH2-314,,,True
753,MDH2,HSPD1,324,91,Mitochondrion matrix,,HSPD1-91-MDH2-324,,,True
769,MDH2,HSPD1,324,196,Mitochondrion matrix,,HSPD1-196-MDH2-324,,,True
771,MDH2,HSPD1,324,369,Mitochondrion matrix,,HSPD1-369-MDH2-324,,,True
824,MDH2,HSPD1,324,133,Mitochondrion matrix,,HSPD1-133-MDH2-324,,,True
740,MDH2,HSPD1,329,31,Mitochondrion matrix,,HSPD1-31-MDH2-329,,,True
748,MDH2,HSPD1,329,369,Mitochondrion matrix,,HSPD1-369-MDH2-329,,,True
764,MDH2,HSPD1,329,133,Mitochondrion matrix,,HSPD1-133-MDH2-329,,,True
780,MDH2,HSPD1,329,473,Mitochondrion matrix,,HSPD1-473-MDH2-329,,,True
782,MDH2,HSPD1,329,130,Mitochondrion matrix,,HSPD1-130-MDH2-329,,,True
792,MDH2,HSPD1,329,389,Mitochondrion matrix,,HSPD1-389-MDH2-329,,,True
805,MDH2,HSPD1,329,387,Mitochondrion matrix,,HSPD1-387-MDH2-329,,,True
810,MDH2,HSPD1,329,191,Mitochondrion matrix,,HSPD1-191-MDH2-329,,,True
819,MDH2,HSPD1,329,249,Mitochondrion matrix,,HSPD1-249-MDH2-329,,,True
825,MDH2,HSPD1,329,91,Mitochondrion matrix,,HSPD1-91-MDH2-329,,,True
731,MDH2,HSPD1,335,133,Mitochondrion matrix,,HSPD1-133-MDH2-335,,,True
754,MDH2,HSPD1,335,191,Mitochondrion matrix,,HSPD1-191-MDH2-335,,,True
790,MDH2,HSPD1,335,31,Mitochondrion matrix,,HSPD1-31-MDH2-335,,,True
4182,ME2,HSPD1,453,75,Mitochondrion matrix,,HSPD1-75-ME2-453,,,True
3917,MECR,HSPD1,267,369,Mitochondrion matrix,,HSPD1-369-MECR-267,,,True
3918,MECR,HSPD1,267,364,Mitochondrion matrix,,HSPD1-364-MECR-267,,,True
3964,MMAB,HSPD1,57,196,Mitochondrion matrix,,HSPD1-196-MMAB-57,,,True
4208,MPDZ,HSPD1,1743,473,Mitochondrion matrix,,HSPD1-473-MPDZ-1743,,,True
4068,MPST,HSPD1,236,292,Mitochondrion matrix,,HSPD1-292-MPST-236,,,True
4098,MRPL1,HSPD1,108,133,Mitochondrion matrix,,HSPD1-133-MRPL1-108,,,True
2716,MRPL12,HSPD1,139,133,Mitochondrion matrix,,HSPD1-133-MRPL12-139,,,True
2722,MRPL12,HSPD1,139,191,Mitochondrion matrix,,HSPD1-191-MRPL12-139,,,True
2724,MRPL12,HSPD1,139,369,Mitochondrion matrix,,HSPD1-369-MRPL12-139,,,True
2718,MRPL12,HSPD1,143,196,Mitochondrion matrix,,HSPD1-196-MRPL12-143,,,True
2719,MRPL12,HSPD1,143,364,Mitochondrion matrix,,HSPD1-364-MRPL12-143,,,True
2721,MRPL12,HSPD1,143,369,Mitochondrion matrix,,HSPD1-369-MRPL12-143,,,True
2715,MRPL12,HSPD1,148,191,Mitochondrion matrix,,HSPD1-191-MRPL12-148,,,True
2720,MRPL12,HSPD1,148,364,Mitochondrion matrix,,HSPD1-364-MRPL12-148,,,True
2727,MRPL12,HSPD1,148,473,Mitochondrion matrix,,HSPD1-473-MRPL12-148,,,True
2714,MRPL12,HSPD1,165,364,Mitochondrion matrix,,HSPD1-364-MRPL12-165,,,True
2723,MRPL12,HSPD1,165,191,Mitochondrion matrix,,HSPD1-191-MRPL12-165,,,True
2726,MRPL12,HSPD1,165,473,Mitochondrion matrix,,HSPD1-473-MRPL12-165,,,True
2717,MRPL12,HSPD1,175,191,Mitochondrion matrix,,HSPD1-191-MRPL12-175,,,True
2713,MRPL12,HSPD1,185,191,Mitochondrion matrix,,HSPD1-191-MRPL12-185,,,True
2725,MRPL12,HSPD1,185,473,Mitochondrion matrix,,HSPD1-473-MRPL12-185,,,True
4065,MRPL44,HSPD1,246,91,Mitochondrion matrix,,HSPD1-91-MRPL44-246,,,True
4204,MRPS15,HSPD1,57,369,Mitochondrion matrix,,HSPD1-369-MRPS15-57,,,True
4172,MRPS22,HSPD1,333,91,Mitochondrion matrix,,HSPD1-91-MRPS22-333,,,True
3705,MRPS9,HSPD1,287,130,Mitochondrion matrix,,HSPD1-130-MRPS9-287,,,True
3707,MRPS9,HSPD1,287,133,Mitochondrion matrix,,HSPD1-133-MRPS9-287,,,True
3706,MRPS9,HSPD1,325,364,Mitochondrion matrix,,HSPD1-364-MRPS9-325,,,True
1953,MTCH2,SYNJ2BP,100,48,Mitochondrion outer membrane ,Cytoplasmic,SYNJ2BP-48-MTCH2-100,,,True
1952,MTCH2,SYNJ2BP,122,48,Mitochondrion outer membrane ,Cytoplasmic,SYNJ2BP-48-MTCH2-122,,,True
2903,MTHFD1L,HSPD1,516,91,Mitochondrion matrix,,HSPD1-91-MTHFD1L-516,,,True
2904,MTHFD1L,HSPD1,516,75,Mitochondrion matrix,,HSPD1-75-MTHFD1L-516,,,True
2905,MTHFD1L,HSPD1,516,196,Mitochondrion matrix,,HSPD1-196-MTHFD1L-516,,,True
2906,MTHFD1L,HSPD1,516,133,Mitochondrion matrix,,HSPD1-133-MTHFD1L-516,,,True
2902,MTHFD1L,HSPD1,596,91,Mitochondrion matrix,,HSPD1-91-MTHFD1L-596,,,True
3888,MTHFD2,HSPD1,44,369,Mitochondrion matrix,,HSPD1-369-MTHFD2-44,,,True
3889,MTHFD2,HSPD1,194,91,Mitochondrion matrix,,HSPD1-91-MTHFD2-194,,,True
3887,MTHFD2,HSPD1,286,369,Mitochondrion matrix,,HSPD1-369-MTHFD2-286,,,True
4187,MTO1,HSPD1,135,301,Mitochondrion matrix,,HSPD1-301-MTO1-135,,,True
1935,MTX2,SYNJ2BP,95,48,Mitochondrion outer membrane ,Cytoplasmic,SYNJ2BP-48-MTX2-95,,,True
3929,MYO18A,HSPD1,6,301,Mitochondrion matrix,,HSPD1-301-MYO18A-6,,,True
3928,MYO18A,HSPD1,7,82,Mitochondrion matrix,,HSPD1-82-MYO18A-7,,,True
3930,MYO18A,HSPD1,7,202,Mitochondrion matrix,,HSPD1-202-MYO18A-7,,,True
3931,MYO18A,HSPD1,7,369,Mitochondrion matrix,,HSPD1-369-MYO18A-7,,,True
4094,NADK2,HSPD1,339,91,Mitochondrion matrix,,HSPD1-91-NADK2-339,,,True
3818,NDUFA2,HSPD1,13,133,Mitochondrion matrix,,HSPD1-133-NDUFA2-13,,,True
3816,NDUFA2,HSPD1,39,133,Mitochondrion matrix,,HSPD1-133-NDUFA2-39,,,True
3817,NDUFA2,HSPD1,98,473,Mitochondrion matrix,,HSPD1-473-NDUFA2-98,,,True
487,NDUFA5,HSPD1,40,196,Mitochondrion matrix,,HSPD1-196-NDUFA5-40,,,True
488,NDUFA5,HSPD1,60,196,Mitochondrion matrix,,HSPD1-196-NDUFA5-60,,,True
1443,NDUFA7,HSPD1,80,473,Mitochondrion matrix,,HSPD1-473-NDUFA7-80,,,True
669,NDUFAF2,HSPD1,140,369,Mitochondrion matrix,,HSPD1-369-NDUFAF2-140,,,True
668,NDUFAF2,HSPD1,165,364,Mitochondrion matrix,,HSPD1-364-NDUFAF2-165,,,True
670,NDUFAF2,HSPD1,165,91,Mitochondrion matrix,,HSPD1-91-NDUFAF2-165,,,True
4149,NDUFAF7,HSPD1,375,292,Mitochondrion matrix,,HSPD1-292-NDUFAF7-375,,,True
3925,NDUFS1,HSPD1,499,91,Mitochondrion matrix,,HSPD1-91-NDUFS1-499,,,True
661,NDUFS2,HSPD1,425,292,Mitochondrion matrix,,HSPD1-292-NDUFS2-425,,,True
512,NDUFS3,HSPD1,259,369,Mitochondrion matrix,,HSPD1-369-NDUFS3-259,,,True
3808,NDUFS6,HSPD1,38,364,Mitochondrion matrix,,HSPD1-364-NDUFS6-38,,,True
4178,NDUFV1,HSPD1,54,133,Mitochondrion matrix,,HSPD1-133-NDUFV1-54,,,True
4177,NDUFV1,HSPD1,66,133,Mitochondrion matrix,,HSPD1-133-NDUFV1-66,,,True
3543,NDUFV3,HSPD1,43,369,Mitochondrion matrix,,HSPD1-369-NDUFV3-43,,,True
3545,NDUFV3,HSPD1,43,364,Mitochondrion matrix,,HSPD1-364-NDUFV3-43,,,True
3546,NDUFV3,HSPD1,43,473,Mitochondrion matrix,,HSPD1-473-NDUFV3-43,,,True
3547,NDUFV3,HSPD1,51,369,Mitochondrion matrix,,HSPD1-369-NDUFV3-51,,,True
3544,NDUFV3,HSPD1,57,473,Mitochondrion matrix,,HSPD1-473-NDUFV3-57,,,True
3983,NIPSNAP1,HSPD1,51,292,Mitochondrion matrix,,HSPD1-292-NIPSNAP1-51,,,True
3982,NIPSNAP1,HSPD1,56,292,Mitochondrion matrix,,HSPD1-292-NIPSNAP1-56,,,True
3988,NIPSNAP1,HSPD1,56,369,Mitochondrion matrix,,HSPD1-369-NIPSNAP1-56,,,True
3990,NIPSNAP1,HSPD1,56,133,Mitochondrion matrix,,HSPD1-133-NIPSNAP1-56,,,True
3986,NIPSNAP1,HSPD1,65,133,Mitochondrion matrix,,HSPD1-133-NIPSNAP1-65,,,True
3987,NIPSNAP1,HSPD1,65,292,Mitochondrion matrix,,HSPD1-292-NIPSNAP1-65,,,True
3985,NIPSNAP1,HSPD1,66,91,Mitochondrion matrix,,HSPD1-91-NIPSNAP1-66,,,True
3989,NIPSNAP1,HSPD1,66,292,Mitochondrion matrix,,HSPD1-292-NIPSNAP1-66,,,True
3984,NIPSNAP1,HSPD1,146,91,Mitochondrion matrix,,HSPD1-91-NIPSNAP1-146,,,True
3960,NIPSNAP2,HSPD1,67,133,Mitochondrion matrix,,HSPD1-133-NIPSNAP2-67,,,True
3959,NIPSNAP2,HSPD1,143,133,Mitochondrion matrix,,HSPD1-133-NIPSNAP2-143,,,True
4150,NNT,HSPD1,55,196,Mitochondrion matrix,,HSPD1-196-NNT-55,,,True
3536,OAT,HSPD1,32,133,Mitochondrion matrix,,HSPD1-133-OAT-32,,,True
3537,OAT,HSPD1,32,364,Mitochondrion matrix,,HSPD1-364-OAT-32,,,True
3538,OAT,HSPD1,32,473,Mitochondrion matrix,,HSPD1-473-OAT-32,,,True
3539,OAT,HSPD1,374,191,Mitochondrion matrix,,HSPD1-191-OAT-374,,,True
4194,PARK7,HSPD1,130,292,Mitochondrion matrix,,HSPD1-292-PARK7-130,,,True
3792,PCK2,HSPD1,489,292,Mitochondrion matrix,,HSPD1-292-PCK2-489,,,True
3794,PCK2,HSPD1,489,96,Mitochondrion matrix,,HSPD1-96-PCK2-489,,,True
3795,PCK2,HSPD1,489,191,Mitochondrion matrix,,HSPD1-191-PCK2-489,,,True
3796,PCK2,HSPD1,489,369,Mitochondrion matrix,,HSPD1-369-PCK2-489,,,True
3797,PCK2,HSPD1,489,364,Mitochondrion matrix,,HSPD1-364-PCK2-489,,,True
3793,PCK2,HSPD1,522,91,Mitochondrion matrix,,HSPD1-91-PCK2-522,,,True
3798,PCK2,HSPD1,522,292,Mitochondrion matrix,,HSPD1-292-PCK2-522,,,True
3799,PCK2,HSPD1,578,91,Mitochondrion matrix,,HSPD1-91-PCK2-578,,,True
3830,PDHA1,HSPD1,77,191,Mitochondrion matrix,,HSPD1-191-PDHA1-77,,,True
3829,PDHA1,HSPD1,277,91,Mitochondrion matrix,,HSPD1-91-PDHA1-277,,,True
3828,PDHA1,HSPD1,313,133,Mitochondrion matrix,,HSPD1-133-PDHA1-313,,,True
3831,PDHA1,HSPD1,313,369,Mitochondrion matrix,,HSPD1-369-PDHA1-313,,,True
3832,PDHA1,HSPD1,313,196,Mitochondrion matrix,,HSPD1-196-PDHA1-313,,,True
4074,PDHX,HSPD1,194,364,Mitochondrion matrix,,HSPD1-364-PDHX-194,,,True
4062,PHB2,HSPD1,6,473,Mitochondrion matrix,,HSPD1-473-PHB2-6,,,True
4183,PITRM1,HSPD1,946,473,Mitochondrion matrix,,HSPD1-473-PITRM1-946,,,True
4184,PITRM1,HSPD1,946,133,Mitochondrion matrix,,HSPD1-133-PITRM1-946,,,True
4128,PMPCA,HSPD1,64,369,Mitochondrion matrix,,HSPD1-369-PMPCA-64,,,True
4129,PMPCA,HSPD1,232,369,Mitochondrion matrix,,HSPD1-369-PMPCA-232,,,True
3860,PMPCB,HSPD1,148,91,Mitochondrion matrix,,HSPD1-91-PMPCB-148,,,True
3856,PMPCB,HSPD1,219,91,Mitochondrion matrix,,HSPD1-91-PMPCB-219,,,True
3859,PMPCB,HSPD1,235,133,Mitochondrion matrix,,HSPD1-133-PMPCB-235,,,True
3857,PMPCB,HSPD1,472,133,Mitochondrion matrix,,HSPD1-133-PMPCB-472,,,True
3858,PMPCB,HSPD1,472,523,Mitochondrion matrix,,HSPD1-523-PMPCB-472,,,True
3861,PMPCB,HSPD1,472,196,Mitochondrion matrix,,HSPD1-196-PMPCB-472,,,True
2394,PPIF,HSPD1,57,133,Mitochondrion matrix,,HSPD1-133-PPIF-57,,,True
2386,PPIF,HSPD1,73,82,Mitochondrion matrix,,HSPD1-82-PPIF-73,,,True
2390,PPIF,HSPD1,73,91,Mitochondrion matrix,,HSPD1-91-PPIF-73,,,True
2393,PPIF,HSPD1,73,87,Mitochondrion matrix,,HSPD1-87-PPIF-73,,,True
2396,PPIF,HSPD1,73,369,Mitochondrion matrix,,HSPD1-369-PPIF-73,,,True
2387,PPIF,HSPD1,86,369,Mitochondrion matrix,,HSPD1-369-PPIF-86,,,True
2395,PPIF,HSPD1,86,91,Mitochondrion matrix,,HSPD1-91-PPIF-86,,,True
2388,PPIF,HSPD1,190,133,Mitochondrion matrix,,HSPD1-133-PPIF-190,,,True
2389,PPIF,HSPD1,190,369,Mitochondrion matrix,,HSPD1-369-PPIF-190,,,True
2391,PPIF,HSPD1,190,91,Mitochondrion matrix,,HSPD1-91-PPIF-190,,,True
2392,PPIF,HSPD1,190,75,Mitochondrion matrix,,HSPD1-75-PPIF-190,,,True
2397,PPIF,HSPD1,190,96,Mitochondrion matrix,,HSPD1-96-PPIF-190,,,True
2398,PPIF,HSPD1,190,191,Mitochondrion matrix,,HSPD1-191-PPIF-190,,,True
3465,PRDX3,HSPD1,83,91,Mitochondrion matrix,,HSPD1-91-PRDX3-83,,,True
3466,PRDX3,HSPD1,83,133,Mitochondrion matrix,,HSPD1-133-PRDX3-83,,,True
3457,PRDX3,HSPD1,91,133,Mitochondrion matrix,,HSPD1-133-PRDX3-91,,,True
3460,PRDX3,HSPD1,91,91,Mitochondrion matrix,,HSPD1-91-PRDX3-91,,,True
3461,PRDX3,HSPD1,91,125,Mitochondrion matrix,,HSPD1-125-PRDX3-91,,,True
3469,PRDX3,HSPD1,91,473,Mitochondrion matrix,,HSPD1-473-PRDX3-91,,,True
3446,PRDX3,HSPD1,149,369,Mitochondrion matrix,,HSPD1-369-PRDX3-149,,,True
3452,PRDX3,HSPD1,149,91,Mitochondrion matrix,,HSPD1-91-PRDX3-149,,,True
3455,PRDX3,HSPD1,149,473,Mitochondrion matrix,,HSPD1-473-PRDX3-149,,,True
3456,PRDX3,HSPD1,149,133,Mitochondrion matrix,,HSPD1-133-PRDX3-149,,,True
3462,PRDX3,HSPD1,149,31,Mitochondrion matrix,,HSPD1-31-PRDX3-149,,,True
3449,PRDX3,HSPD1,241,75,Mitochondrion matrix,,HSPD1-75-PRDX3-241,,,True
3453,PRDX3,HSPD1,241,91,Mitochondrion matrix,,HSPD1-91-PRDX3-241,,,True
3447,PRDX3,HSPD1,248,133,Mitochondrion matrix,,HSPD1-133-PRDX3-248,,,True
3448,PRDX3,HSPD1,248,301,Mitochondrion matrix,,HSPD1-301-PRDX3-248,,,True
3450,PRDX3,HSPD1,248,205,Mitochondrion matrix,,HSPD1-205-PRDX3-248,,,True
3451,PRDX3,HSPD1,248,75,Mitochondrion matrix,,HSPD1-75-PRDX3-248,,,True
3454,PRDX3,HSPD1,248,369,Mitochondrion matrix,,HSPD1-369-PRDX3-248,,,True
3458,PRDX3,HSPD1,248,125,Mitochondrion matrix,,HSPD1-125-PRDX3-248,,,True
3459,PRDX3,HSPD1,248,91,Mitochondrion matrix,,HSPD1-91-PRDX3-248,,,True
3463,PRDX3,HSPD1,248,31,Mitochondrion matrix,,HSPD1-31-PRDX3-248,,,True
3464,PRDX3,HSPD1,248,87,Mitochondrion matrix,,HSPD1-87-PRDX3-248,,,True
3467,PRDX3,HSPD1,248,473,Mitochondrion matrix,,HSPD1-473-PRDX3-248,,,True
3468,PRDX3,HSPD1,248,481,Mitochondrion matrix,,HSPD1-481-PRDX3-248,,,True
3470,PRDX3,HSPD1,248,364,Mitochondrion matrix,,HSPD1-364-PRDX3-248,,,True
3471,PRDX3,HSPD1,248,196,Mitochondrion matrix,,HSPD1-196-PRDX3-248,,,True
3473,PRDX3,HSPD1,248,130,Mitochondrion matrix,,HSPD1-130-PRDX3-248,,,True
3472,PRDX3,HSPD1,253,133,Mitochondrion matrix,,HSPD1-133-PRDX3-253,,,True
3474,PRDX3,HSPD1,253,473,Mitochondrion matrix,,HSPD1-473-PRDX3-253,,,True
3035,PRDX5,HSPD1,83,133,Mitochondrion matrix,,HSPD1-133-PRDX5-83,,,True
3039,PRDX5,HSPD1,116,133,Mitochondrion matrix,,HSPD1-133-PRDX5-116,,,True
3034,PRDX5,HSPD1,142,75,Mitochondrion matrix,,HSPD1-75-PRDX5-142,,,True
3036,PRDX5,HSPD1,142,352,Mitochondrion matrix,,HSPD1-352-PRDX5-142,,,True
3037,PRDX5,HSPD1,142,133,Mitochondrion matrix,,HSPD1-133-PRDX5-142,,,True
3038,PRDX5,HSPD1,146,133,Mitochondrion matrix,,HSPD1-133-PRDX5-146,,,True
3164,PYCR1,HSPD1,51,125,Mitochondrion matrix,,HSPD1-125-PYCR1-51,,,True
3165,PYCR1,HSPD1,51,481,Mitochondrion matrix,,HSPD1-481-PYCR1-51,,,True
3166,PYCR1,HSPD1,51,96,Mitochondrion matrix,,HSPD1-96-PYCR1-51,,,True
3170,PYCR1,HSPD1,51,91,Mitochondrion matrix,,HSPD1-91-PYCR1-51,,,True
3171,PYCR1,HSPD1,51,75,Mitochondrion matrix,,HSPD1-75-PYCR1-51,,,True
3173,PYCR1,HSPD1,51,292,Mitochondrion matrix,,HSPD1-292-PYCR1-51,,,True
3174,PYCR1,HSPD1,51,191,Mitochondrion matrix,,HSPD1-191-PYCR1-51,,,True
3175,PYCR1,HSPD1,51,196,Mitochondrion matrix,,HSPD1-196-PYCR1-51,,,True
3177,PYCR1,HSPD1,51,523,Mitochondrion matrix,,HSPD1-523-PYCR1-51,,,True
3178,PYCR1,HSPD1,51,87,Mitochondrion matrix,,HSPD1-87-PYCR1-51,,,True
3182,PYCR1,HSPD1,51,133,Mitochondrion matrix,,HSPD1-133-PYCR1-51,,,True
3168,PYCR1,HSPD1,283,292,Mitochondrion matrix,,HSPD1-292-PYCR1-283,,,True
3183,PYCR1,HSPD1,283,133,Mitochondrion matrix,,HSPD1-133-PYCR1-283,,,True
3181,PYCR1,HSPD1,289,292,Mitochondrion matrix,,HSPD1-292-PYCR1-289,,,True
3167,PYCR1,HSPD1,307,469,Mitochondrion matrix,,HSPD1-469-PYCR1-307,,,True
3172,PYCR1,HSPD1,307,369,Mitochondrion matrix,,HSPD1-369-PYCR1-307,,,True
3176,PYCR1,HSPD1,307,96,Mitochondrion matrix,,HSPD1-96-PYCR1-307,,,True
3179,PYCR1,HSPD1,307,292,Mitochondrion matrix,,HSPD1-292-PYCR1-307,,,True
3180,PYCR1,HSPD1,307,191,Mitochondrion matrix,,HSPD1-191-PYCR1-307,,,True
3169,PYCR1,HSPD1,318,473,Mitochondrion matrix,,HSPD1-473-PYCR1-318,,,True
4003,PYCR2,HSPD1,47,87,Mitochondrion matrix,,HSPD1-87-PYCR2-47,,,True
4004,PYCR2,HSPD1,47,91,Mitochondrion matrix,,HSPD1-91-PYCR2-47,,,True
4007,PYCR2,HSPD1,47,233,Mitochondrion matrix,,HSPD1-233-PYCR2-47,,,True
4008,PYCR2,HSPD1,47,96,Mitochondrion matrix,,HSPD1-96-PYCR2-47,,,True
4009,PYCR2,HSPD1,47,369,Mitochondrion matrix,,HSPD1-369-PYCR2-47,,,True
4010,PYCR2,HSPD1,47,292,Mitochondrion matrix,,HSPD1-292-PYCR2-47,,,True
4011,PYCR2,HSPD1,47,31,Mitochondrion matrix,,HSPD1-31-PYCR2-47,,,True
4012,PYCR2,HSPD1,47,75,Mitochondrion matrix,,HSPD1-75-PYCR2-47,,,True
4015,PYCR2,HSPD1,47,133,Mitochondrion matrix,,HSPD1-133-PYCR2-47,,,True
4018,PYCR2,HSPD1,283,292,Mitochondrion matrix,,HSPD1-292-PYCR2-283,,,True
4014,PYCR2,HSPD1,291,292,Mitochondrion matrix,,HSPD1-292-PYCR2-291,,,True
4002,PYCR2,HSPD1,307,473,Mitochondrion matrix,,HSPD1-473-PYCR2-307,,,True
4005,PYCR2,HSPD1,307,196,Mitochondrion matrix,,HSPD1-196-PYCR2-307,,,True
4006,PYCR2,HSPD1,307,292,Mitochondrion matrix,,HSPD1-292-PYCR2-307,,,True
4013,PYCR2,HSPD1,307,96,Mitochondrion matrix,,HSPD1-96-PYCR2-307,,,True
4016,PYCR2,HSPD1,307,75,Mitochondrion matrix,,HSPD1-75-PYCR2-307,,,True
4017,PYCR2,HSPD1,318,133,Mitochondrion matrix,,HSPD1-133-PYCR2-318,,,True
87,RAB24,TOMM70,156,78,Mitochondrion outer membrane #membrane protein,Cytoplasmic,TOMM70-78-RAB24-156,,,True
1895,RHOT2,SYNJ2BP,409,48,Mitochondrion outer membrane ,Cytoplasmic,SYNJ2BP-48-RHOT2-409,,,True
4120,RIDA,HSPD1,117,87,Mitochondrion matrix,,HSPD1-87-RIDA-117,,,True
4121,RIDA,HSPD1,117,91,Mitochondrion matrix,,HSPD1-91-RIDA-117,,,True
151,RPAP3,TOMM70,145,188,Mitochondrion outer membrane #membrane protein,Cytoplasmic,TOMM70-188-RPAP3-145,,,True
1951,SCCPDH,SYNJ2BP,359,48,Mitochondrion outer membrane ,Cytoplasmic,SYNJ2BP-48-SCCPDH-359,,,True
1462,SDHA,HSPD1,182,133,Mitochondrion matrix,,HSPD1-133-SDHA-182,,,True
1464,SDHA,HSPD1,538,369,Mitochondrion matrix,,HSPD1-369-SDHA-538,,,True
1466,SDHA,HSPD1,538,473,Mitochondrion matrix,,HSPD1-473-SDHA-538,,,True
1465,SDHA,HSPD1,547,481,Mitochondrion matrix,,HSPD1-481-SDHA-547,,,True
1467,SDHA,HSPD1,547,473,Mitochondrion matrix,,HSPD1-473-SDHA-547,,,True
1463,SDHA,HSPD1,608,91,Mitochondrion matrix,,HSPD1-91-SDHA-608,,,True
1468,SDHA,HSPD1,615,91,Mitochondrion matrix,,HSPD1-91-SDHA-615,,,True
4124,SDR39U1,HSPD1,117,133,Mitochondrion matrix,,HSPD1-133-SDR39U1-117,,,True
3060,SHMT2,HSPD1,103,369,Mitochondrion matrix,,HSPD1-369-SHMT2-103,,,True
3053,SHMT2,HSPD1,200,473,Mitochondrion matrix,,HSPD1-473-SHMT2-200,,,True
3055,SHMT2,HSPD1,200,91,Mitochondrion matrix,,HSPD1-91-SHMT2-200,,,True
3057,SHMT2,HSPD1,200,191,Mitochondrion matrix,,HSPD1-191-SHMT2-200,,,True
3058,SHMT2,HSPD1,200,364,Mitochondrion matrix,,HSPD1-364-SHMT2-200,,,True
3061,SHMT2,HSPD1,200,96,Mitochondrion matrix,,HSPD1-96-SHMT2-200,,,True
3067,SHMT2,HSPD1,200,133,Mitochondrion matrix,,HSPD1-133-SHMT2-200,,,True
3069,SHMT2,HSPD1,200,75,Mitochondrion matrix,,HSPD1-75-SHMT2-200,,,True
3062,SHMT2,HSPD1,269,191,Mitochondrion matrix,,HSPD1-191-SHMT2-269,,,True
3068,SHMT2,HSPD1,302,369,Mitochondrion matrix,,HSPD1-369-SHMT2-302,,,True
3059,SHMT2,HSPD1,464,133,Mitochondrion matrix,,HSPD1-133-SHMT2-464,,,True
3066,SHMT2,HSPD1,464,473,Mitochondrion matrix,,HSPD1-473-SHMT2-464,,,True
3070,SHMT2,HSPD1,464,249,Mitochondrion matrix,,HSPD1-249-SHMT2-464,,,True
3071,SHMT2,HSPD1,464,91,Mitochondrion matrix,,HSPD1-91-SHMT2-464,,,True
3064,SHMT2,HSPD1,469,369,Mitochondrion matrix,,HSPD1-369-SHMT2-469,,,True
3054,SHMT2,HSPD1,474,91,Mitochondrion matrix,,HSPD1-91-SHMT2-474,,,True
3056,SHMT2,HSPD1,474,369,Mitochondrion matrix,,HSPD1-369-SHMT2-474,,,True
3063,SHMT2,HSPD1,474,125,Mitochondrion matrix,,HSPD1-125-SHMT2-474,,,True
3065,SHMT2,HSPD1,474,364,Mitochondrion matrix,,HSPD1-364-SHMT2-474,,,True
3072,SHMT2,HSPD1,474,133,Mitochondrion matrix,,HSPD1-133-SHMT2-474,,,True
3942,SLC25A1,HSPD1,277,133,Mitochondrion matrix,,HSPD1-133-SLC25A1-277,,,True
4200,SLC25A10,HSPD1,132,196,Mitochondrion matrix,,HSPD1-196-SLC25A10-132,,,True
3971,SLC25A11,HSPD1,57,91,Mitochondrion matrix,,HSPD1-91-SLC25A11-57,,,True
3972,SLC25A11,HSPD1,57,87,Mitochondrion matrix,,HSPD1-87-SLC25A11-57,,,True
3973,SLC25A11,HSPD1,57,473,Mitochondrion matrix,,HSPD1-473-SLC25A11-57,,,True
4209,SLC25A13,HSPD1,484,133,Mitochondrion matrix,,HSPD1-133-SLC25A13-484,,,True
3815,SLC25A24,HSPD1,243,473,Mitochondrion matrix,,HSPD1-473-SLC25A24-243,,,True
3811,SLC25A24,HSPD1,320,473,Mitochondrion matrix,,HSPD1-473-SLC25A24-320,,,True
3810,SLC25A24,HSPD1,336,130,Mitochondrion matrix,,HSPD1-130-SLC25A24-336,,,True
3812,SLC25A24,HSPD1,336,369,Mitochondrion matrix,,HSPD1-369-SLC25A24-336,,,True
3814,SLC25A24,HSPD1,336,473,Mitochondrion matrix,,HSPD1-473-SLC25A24-336,,,True
3809,SLC25A24,HSPD1,437,473,Mitochondrion matrix,,HSPD1-473-SLC25A24-437,,,True
3813,SLC25A24,HSPD1,437,133,Mitochondrion matrix,,HSPD1-133-SLC25A24-437,,,True
3788,SLC25A3,HSPD1,99,473,Mitochondrion matrix,,HSPD1-473-SLC25A3-99,,,True
3783,SLC25A3,HSPD1,209,473,Mitochondrion matrix,,HSPD1-473-SLC25A3-209,,,True
3784,SLC25A3,HSPD1,209,130,Mitochondrion matrix,,HSPD1-130-SLC25A3-209,,,True
3787,SLC25A3,HSPD1,209,133,Mitochondrion matrix,,HSPD1-133-SLC25A3-209,,,True
3782,SLC25A3,HSPD1,295,130,Mitochondrion matrix,,HSPD1-130-SLC25A3-295,,,True
3785,SLC25A3,HSPD1,295,91,Mitochondrion matrix,,HSPD1-91-SLC25A3-295,,,True
3786,SLC25A3,HSPD1,295,133,Mitochondrion matrix,,HSPD1-133-SLC25A3-295,,,True
3789,SLC25A3,HSPD1,295,473,Mitochondrion matrix,,HSPD1-473-SLC25A3-295,,,True
4096,SLC25A4,HSPD1,43,91,Mitochondrion matrix,,HSPD1-91-SLC25A4-43,,,True
4097,SLC25A4,HSPD1,147,91,Mitochondrion matrix,,HSPD1-91-SLC25A4-147,,,True
3318,SLC25A5,HSPD1,33,133,Mitochondrion matrix,,HSPD1-133-SLC25A5-33,,,True
3301,SLC25A5,HSPD1,43,364,Mitochondrion matrix,,HSPD1-364-SLC25A5-43,,,True
3306,SLC25A5,HSPD1,43,125,Mitochondrion matrix,,HSPD1-125-SLC25A5-43,,,True
3307,SLC25A5,HSPD1,43,133,Mitochondrion matrix,,HSPD1-133-SLC25A5-43,,,True
3308,SLC25A5,HSPD1,43,130,Mitochondrion matrix,,HSPD1-130-SLC25A5-43,,,True
3309,SLC25A5,HSPD1,43,473,Mitochondrion matrix,,HSPD1-473-SLC25A5-43,,,True
3310,SLC25A5,HSPD1,43,31,Mitochondrion matrix,,HSPD1-31-SLC25A5-43,,,True
3311,SLC25A5,HSPD1,43,87,Mitochondrion matrix,,HSPD1-87-SLC25A5-43,,,True
3315,SLC25A5,HSPD1,43,191,Mitochondrion matrix,,HSPD1-191-SLC25A5-43,,,True
3320,SLC25A5,HSPD1,43,91,Mitochondrion matrix,,HSPD1-91-SLC25A5-43,,,True
3312,SLC25A5,HSPD1,63,91,Mitochondrion matrix,,HSPD1-91-SLC25A5-63,,,True
3304,SLC25A5,HSPD1,147,473,Mitochondrion matrix,,HSPD1-473-SLC25A5-147,,,True
3305,SLC25A5,HSPD1,147,91,Mitochondrion matrix,,HSPD1-91-SLC25A5-147,,,True
3313,SLC25A5,HSPD1,147,133,Mitochondrion matrix,,HSPD1-133-SLC25A5-147,,,True
3317,SLC25A5,HSPD1,147,87,Mitochondrion matrix,,HSPD1-87-SLC25A5-147,,,True
3302,SLC25A5,HSPD1,163,91,Mitochondrion matrix,,HSPD1-91-SLC25A5-163,,,True
3316,SLC25A5,HSPD1,163,133,Mitochondrion matrix,,HSPD1-133-SLC25A5-163,,,True
3319,SLC25A5,HSPD1,166,473,Mitochondrion matrix,,HSPD1-473-SLC25A5-166,,,True
3314,SLC25A5,HSPD1,245,91,Mitochondrion matrix,,HSPD1-91-SLC25A5-245,,,True
3303,SLC25A5,HSPD1,272,133,Mitochondrion matrix,,HSPD1-133-SLC25A5-272,,,True
3894,SLC25A6,HSPD1,43,133,Mitochondrion matrix,,HSPD1-133-SLC25A6-43,,,True
3898,SLC25A6,HSPD1,43,473,Mitochondrion matrix,,HSPD1-473-SLC25A6-43,,,True
3899,SLC25A6,HSPD1,43,91,Mitochondrion matrix,,HSPD1-91-SLC25A6-43,,,True
3900,SLC25A6,HSPD1,43,31,Mitochondrion matrix,,HSPD1-31-SLC25A6-43,,,True
3896,SLC25A6,HSPD1,147,91,Mitochondrion matrix,,HSPD1-91-SLC25A6-147,,,True
3897,SLC25A6,HSPD1,147,473,Mitochondrion matrix,,HSPD1-473-SLC25A6-147,,,True
3895,SLC25A6,HSPD1,166,133,Mitochondrion matrix,,HSPD1-133-SLC25A6-166,,,True
4186,SLC4A1AP,HSPD1,602,469,Mitochondrion matrix,,HSPD1-469-SLC4A1AP-602,,,True
4191,SRSF11,HSPD1,411,91,Mitochondrion matrix,,HSPD1-91-SRSF11-411,,,True
3679,SSBP1,HSPD1,103,91,Mitochondrion matrix,,HSPD1-91-SSBP1-103,,,True
3670,SSBP1,HSPD1,122,292,Mitochondrion matrix,,HSPD1-292-SSBP1-122,,,True
3671,SSBP1,HSPD1,122,369,Mitochondrion matrix,,HSPD1-369-SSBP1-122,,,True
3672,SSBP1,HSPD1,122,364,Mitochondrion matrix,,HSPD1-364-SSBP1-122,,,True
3673,SSBP1,HSPD1,122,82,Mitochondrion matrix,,HSPD1-82-SSBP1-122,,,True
3674,SSBP1,HSPD1,122,125,Mitochondrion matrix,,HSPD1-125-SSBP1-122,,,True
3675,SSBP1,HSPD1,122,91,Mitochondrion matrix,,HSPD1-91-SSBP1-122,,,True
3676,SSBP1,HSPD1,122,133,Mitochondrion matrix,,HSPD1-133-SSBP1-122,,,True
3677,SSBP1,HSPD1,122,233,Mitochondrion matrix,,HSPD1-233-SSBP1-122,,,True
3678,SSBP1,HSPD1,122,87,Mitochondrion matrix,,HSPD1-87-SSBP1-122,,,True
3680,SSBP1,HSPD1,122,196,Mitochondrion matrix,,HSPD1-196-SSBP1-122,,,True
3681,SSBP1,HSPD1,122,31,Mitochondrion matrix,,HSPD1-31-SSBP1-122,,,True
3393,STOML2,HSPD1,145,196,Mitochondrion matrix,,HSPD1-196-STOML2-145,,,True
3394,STOML2,HSPD1,145,191,Mitochondrion matrix,,HSPD1-191-STOML2-145,,,True
3395,STOML2,HSPD1,145,369,Mitochondrion matrix,,HSPD1-369-STOML2-145,,,True
3397,STOML2,HSPD1,145,91,Mitochondrion matrix,,HSPD1-91-STOML2-145,,,True
3398,STOML2,HSPD1,145,364,Mitochondrion matrix,,HSPD1-364-STOML2-145,,,True
3396,STOML2,HSPD1,233,191,Mitochondrion matrix,,HSPD1-191-STOML2-233,,,True
3969,SUCLA2,HSPD1,108,133,Mitochondrion matrix,,HSPD1-133-SUCLA2-108,,,True
3967,SUCLA2,HSPD1,143,133,Mitochondrion matrix,,HSPD1-133-SUCLA2-143,,,True
3968,SUCLA2,HSPD1,451,91,Mitochondrion matrix,,HSPD1-91-SUCLA2-451,,,True
3149,SUCLG1,HSPD1,66,133,Mitochondrion matrix,,HSPD1-133-SUCLG1-66,,,True
3148,SUCLG1,HSPD1,105,133,Mitochondrion matrix,,HSPD1-133-SUCLG1-105,,,True
3145,SUCLG1,HSPD1,312,133,Mitochondrion matrix,,HSPD1-133-SUCLG1-312,,,True
3146,SUCLG1,HSPD1,312,364,Mitochondrion matrix,,HSPD1-364-SUCLG1-312,,,True
3147,SUCLG1,HSPD1,312,91,Mitochondrion matrix,,HSPD1-91-SUCLG1-312,,,True
3271,SUCLG2,HSPD1,73,91,Mitochondrion matrix,,HSPD1-91-SUCLG2-73,,,True
3272,SUCLG2,HSPD1,73,196,Mitochondrion matrix,,HSPD1-196-SUCLG2-73,,,True
3273,SUCLG2,HSPD1,73,473,Mitochondrion matrix,,HSPD1-473-SUCLG2-73,,,True
3282,SUCLG2,HSPD1,73,369,Mitochondrion matrix,,HSPD1-369-SUCLG2-73,,,True
3275,SUCLG2,HSPD1,93,133,Mitochondrion matrix,,HSPD1-133-SUCLG2-93,,,True
3278,SUCLG2,HSPD1,93,369,Mitochondrion matrix,,HSPD1-369-SUCLG2-93,,,True
3280,SUCLG2,HSPD1,93,91,Mitochondrion matrix,,HSPD1-91-SUCLG2-93,,,True
3269,SUCLG2,HSPD1,101,91,Mitochondrion matrix,,HSPD1-91-SUCLG2-101,,,True
3276,SUCLG2,HSPD1,101,196,Mitochondrion matrix,,HSPD1-196-SUCLG2-101,,,True
3279,SUCLG2,HSPD1,101,133,Mitochondrion matrix,,HSPD1-133-SUCLG2-101,,,True
3281,SUCLG2,HSPD1,101,369,Mitochondrion matrix,,HSPD1-369-SUCLG2-101,,,True
3274,SUCLG2,HSPD1,108,91,Mitochondrion matrix,,HSPD1-91-SUCLG2-108,,,True
3277,SUCLG2,HSPD1,118,196,Mitochondrion matrix,,HSPD1-196-SUCLG2-118,,,True
3283,SUCLG2,HSPD1,118,91,Mitochondrion matrix,,HSPD1-91-SUCLG2-118,,,True
3270,SUCLG2,HSPD1,218,364,Mitochondrion matrix,,HSPD1-364-SUCLG2-218,,,True
4207,TARS2,HSPD1,352,292,Mitochondrion matrix,,HSPD1-292-TARS2-352,,,True
2494,TFAM,HSPD1,174,473,Mitochondrion matrix,,HSPD1-473-TFAM-174,,,True
3338,TIMM44,HSPD1,105,369,Mitochondrion matrix,,HSPD1-369-TIMM44-105,,,True
3339,TIMM44,HSPD1,105,389,Mitochondrion matrix,,HSPD1-389-TIMM44-105,,,True
3337,TIMM44,HSPD1,157,369,Mitochondrion matrix,,HSPD1-369-TIMM44-157,,,True
3340,TIMM44,HSPD1,157,473,Mitochondrion matrix,,HSPD1-473-TIMM44-157,,,True
3342,TIMM44,HSPD1,165,369,Mitochondrion matrix,,HSPD1-369-TIMM44-165,,,True
3341,TIMM44,HSPD1,312,292,Mitochondrion matrix,,HSPD1-292-TIMM44-312,,,True
3336,TIMM44,HSPD1,405,369,Mitochondrion matrix,,HSPD1-369-TIMM44-405,,,True
4173,TIMM50,HSPD1,47,91,Mitochondrion matrix,,HSPD1-91-TIMM50-47,,,True
4174,TIMM50,HSPD1,47,473,Mitochondrion matrix,,HSPD1-473-TIMM50-47,,,True
67,TOMM20,TOMM70,56,84,Mitochondrion outer membrane #membrane protein,Cytoplasmic,TOMM70-84-TOMM20-56,,,True
68,TOMM20,TOMM70,56,126,Mitochondrion outer membrane #membrane protein,Cytoplasmic,TOMM70-126-TOMM20-56,,,True
74,TOMM20,TOMM70,56,129,Mitochondrion outer membrane #membrane protein,Cytoplasmic,TOMM70-129-TOMM20-56,,,True
79,TOMM20,SYNJ2BP,56,48,Mitochondrion outer membrane ,Cytoplasmic,SYNJ2BP-48-TOMM20-56,,,True
66,TOMM20,TOMM70,61,168,Mitochondrion outer membrane #membrane protein,Cytoplasmic,TOMM70-168-TOMM20-61,,,True
69,TOMM20,TOMM70,61,185,Mitochondrion outer membrane #membrane protein,Cytoplasmic,TOMM70-185-TOMM20-61,,,True
70,TOMM20,TOMM70,61,123,Mitochondrion outer membrane #membrane protein,Cytoplasmic,TOMM70-123-TOMM20-61,,,True
71,TOMM20,TOMM70,61,78,Mitochondrion outer membrane #membrane protein,Cytoplasmic,TOMM70-78-TOMM20-61,,,True
72,TOMM20,TOMM70,61,129,Mitochondrion outer membrane #membrane protein,Cytoplasmic,TOMM70-129-TOMM20-61,,,True
73,TOMM20,TOMM70,61,126,Mitochondrion outer membrane #membrane protein,Cytoplasmic,TOMM70-126-TOMM20-61,,,True
75,TOMM20,TOMM70,61,188,Mitochondrion outer membrane #membrane protein,Cytoplasmic,TOMM70-188-TOMM20-61,,,True
80,TOMM20,SYNJ2BP,61,48,Mitochondrion outer membrane ,Cytoplasmic,SYNJ2BP-48-TOMM20-61,,,True
154,TOMM5,TOMM70,10,123,Mitochondrion outer membrane #membrane protein,Cytoplasmic,TOMM70-123-TOMM5-10,,27..45,True
155,TOMM5,TOMM70,10,78,Mitochondrion outer membrane #membrane protein,Cytoplasmic,TOMM70-78-TOMM5-10,,27..45,True
156,TOMM5,SYNJ2BP,10,48,Mitochondrion outer membrane ,Cytoplasmic,SYNJ2BP-48-TOMM5-10,,27..45,True
1533,TRAP1,HSPD1,96,369,Mitochondrion matrix,,HSPD1-369-TRAP1-96,,,True
1548,TRAP1,HSPD1,96,133,Mitochondrion matrix,,HSPD1-133-TRAP1-96,,,True
1551,TRAP1,HSPD1,96,191,Mitochondrion matrix,,HSPD1-191-TRAP1-96,,,True
1556,TRAP1,HSPD1,96,233,Mitochondrion matrix,,HSPD1-233-TRAP1-96,,,True
1558,TRAP1,HSPD1,96,473,Mitochondrion matrix,,HSPD1-473-TRAP1-96,,,True
1536,TRAP1,HSPD1,181,75,Mitochondrion matrix,,HSPD1-75-TRAP1-181,,,True
1540,TRAP1,HSPD1,181,473,Mitochondrion matrix,,HSPD1-473-TRAP1-181,,,True
1561,TRAP1,HSPD1,181,133,Mitochondrion matrix,,HSPD1-133-TRAP1-181,,,True
1562,TRAP1,HSPD1,181,191,Mitochondrion matrix,,HSPD1-191-TRAP1-181,,,True
1566,TRAP1,HSPD1,181,196,Mitochondrion matrix,,HSPD1-196-TRAP1-181,,,True
1538,TRAP1,HSPD1,262,369,Mitochondrion matrix,,HSPD1-369-TRAP1-262,,,True
1541,TRAP1,HSPD1,262,292,Mitochondrion matrix,,HSPD1-292-TRAP1-262,,,True
1542,TRAP1,HSPD1,262,133,Mitochondrion matrix,,HSPD1-133-TRAP1-262,,,True
1546,TRAP1,HSPD1,262,91,Mitochondrion matrix,,HSPD1-91-TRAP1-262,,,True
1550,TRAP1,HSPD1,262,473,Mitochondrion matrix,,HSPD1-473-TRAP1-262,,,True
1553,TRAP1,HSPD1,262,301,Mitochondrion matrix,,HSPD1-301-TRAP1-262,,,True
1555,TRAP1,HSPD1,262,196,Mitochondrion matrix,,HSPD1-196-TRAP1-262,,,True
1557,TRAP1,HSPD1,324,133,Mitochondrion matrix,,HSPD1-133-TRAP1-324,,,True
1537,TRAP1,HSPD1,332,369,Mitochondrion matrix,,HSPD1-369-TRAP1-332,,,True
1552,TRAP1,HSPD1,332,72,Mitochondrion matrix,,HSPD1-72-TRAP1-332,,,True
1569,TRAP1,HSPD1,332,233,Mitochondrion matrix,,HSPD1-233-TRAP1-332,,,True
1531,TRAP1,HSPD1,369,133,Mitochondrion matrix,,HSPD1-133-TRAP1-369,,,True
1567,TRAP1,HSPD1,369,369,Mitochondrion matrix,,HSPD1-369-TRAP1-369,,,True
1532,TRAP1,HSPD1,375,125,Mitochondrion matrix,,HSPD1-125-TRAP1-375,,,True
1559,TRAP1,HSPD1,382,31,Mitochondrion matrix,,HSPD1-31-TRAP1-382,,,True
1574,TRAP1,HSPD1,413,75,Mitochondrion matrix,,HSPD1-75-TRAP1-413,,,True
1560,TRAP1,HSPD1,431,369,Mitochondrion matrix,,HSPD1-369-TRAP1-431,,,True
1543,TRAP1,HSPD1,563,369,Mitochondrion matrix,,HSPD1-369-TRAP1-563,,,True
1545,TRAP1,HSPD1,598,196,Mitochondrion matrix,,HSPD1-196-TRAP1-598,,,True
1554,TRAP1,HSPD1,598,191,Mitochondrion matrix,,HSPD1-191-TRAP1-598,,,True
1530,TRAP1,HSPD1,629,292,Mitochondrion matrix,,HSPD1-292-TRAP1-629,,,True
1534,TRAP1,HSPD1,629,87,Mitochondrion matrix,,HSPD1-87-TRAP1-629,,,True
1535,TRAP1,HSPD1,629,196,Mitochondrion matrix,,HSPD1-196-TRAP1-629,,,True
1539,TRAP1,HSPD1,629,359,Mitochondrion matrix,,HSPD1-359-TRAP1-629,,,True
1547,TRAP1,HSPD1,629,75,Mitochondrion matrix,,HSPD1-75-TRAP1-629,,,True
1549,TRAP1,HSPD1,629,91,Mitochondrion matrix,,HSPD1-91-TRAP1-629,,,True
1563,TRAP1,HSPD1,629,301,Mitochondrion matrix,,HSPD1-301-TRAP1-629,,,True
1564,TRAP1,HSPD1,629,364,Mitochondrion matrix,,HSPD1-364-TRAP1-629,,,True
1565,TRAP1,HSPD1,629,473,Mitochondrion matrix,,HSPD1-473-TRAP1-629,,,True
1570,TRAP1,HSPD1,629,369,Mitochondrion matrix,,HSPD1-369-TRAP1-629,,,True
1571,TRAP1,HSPD1,629,125,Mitochondrion matrix,,HSPD1-125-TRAP1-629,,,True
1572,TRAP1,HSPD1,629,133,Mitochondrion matrix,,HSPD1-133-TRAP1-629,,,True
1573,TRAP1,HSPD1,652,75,Mitochondrion matrix,,HSPD1-75-TRAP1-652,,,True
1544,TRAP1,HSPD1,699,369,Mitochondrion matrix,,HSPD1-369-TRAP1-699,,,True
1568,TRAP1,HSPD1,699,133,Mitochondrion matrix,,HSPD1-133-TRAP1-699,,,True
3436,TST,HSPD1,236,292,Mitochondrion matrix,,HSPD1-292-TST-236,,,True
3435,TST,HSPD1,293,91,Mitochondrion matrix,,HSPD1-91-TST-293,,,True
4169,TTN,HSPD1,6103,418,Mitochondrion matrix,,HSPD1-418-TTN-6103,,,True
2986,TUFM,HSPD1,49,191,Mitochondrion matrix,,HSPD1-191-TUFM-49,,,True
2975,TUFM,HSPD1,79,75,Mitochondrion matrix,,HSPD1-75-TUFM-79,,,True
2984,TUFM,HSPD1,79,133,Mitochondrion matrix,,HSPD1-133-TUFM-79,,,True
2963,TUFM,HSPD1,88,87,Mitochondrion matrix,,HSPD1-87-TUFM-88,,,True
2990,TUFM,HSPD1,88,75,Mitochondrion matrix,,HSPD1-75-TUFM-88,,,True
2969,TUFM,HSPD1,91,91,Mitochondrion matrix,,HSPD1-91-TUFM-91,,,True
2973,TUFM,HSPD1,91,292,Mitochondrion matrix,,HSPD1-292-TUFM-91,,,True
2979,TUFM,HSPD1,91,75,Mitochondrion matrix,,HSPD1-75-TUFM-91,,,True
2966,TUFM,HSPD1,286,196,Mitochondrion matrix,,HSPD1-196-TUFM-286,,,True
2967,TUFM,HSPD1,286,96,Mitochondrion matrix,,HSPD1-96-TUFM-286,,,True
2968,TUFM,HSPD1,286,301,Mitochondrion matrix,,HSPD1-301-TUFM-286,,,True
2971,TUFM,HSPD1,286,133,Mitochondrion matrix,,HSPD1-133-TUFM-286,,,True
2976,TUFM,HSPD1,286,130,Mitochondrion matrix,,HSPD1-130-TUFM-286,,,True
2978,TUFM,HSPD1,286,82,Mitochondrion matrix,,HSPD1-82-TUFM-286,,,True
2980,TUFM,HSPD1,286,191,Mitochondrion matrix,,HSPD1-191-TUFM-286,,,True
2989,TUFM,HSPD1,286,292,Mitochondrion matrix,,HSPD1-292-TUFM-286,,,True
2972,TUFM,HSPD1,311,75,Mitochondrion matrix,,HSPD1-75-TUFM-311,,,True
2987,TUFM,HSPD1,342,191,Mitochondrion matrix,,HSPD1-191-TUFM-342,,,True
2965,TUFM,HSPD1,347,72,Mitochondrion matrix,,HSPD1-72-TUFM-347,,,True
2970,TUFM,HSPD1,347,82,Mitochondrion matrix,,HSPD1-82-TUFM-347,,,True
2974,TUFM,HSPD1,347,191,Mitochondrion matrix,,HSPD1-191-TUFM-347,,,True
2977,TUFM,HSPD1,347,196,Mitochondrion matrix,,HSPD1-196-TUFM-347,,,True
2981,TUFM,HSPD1,347,96,Mitochondrion matrix,,HSPD1-96-TUFM-347,,,True
2982,TUFM,HSPD1,347,292,Mitochondrion matrix,,HSPD1-292-TUFM-347,,,True
2991,TUFM,HSPD1,347,133,Mitochondrion matrix,,HSPD1-133-TUFM-347,,,True
2964,TUFM,HSPD1,395,292,Mitochondrion matrix,,HSPD1-292-TUFM-395,,,True
2985,TUFM,HSPD1,418,292,Mitochondrion matrix,,HSPD1-292-TUFM-418,,,True
2988,TUFM,HSPD1,418,91,Mitochondrion matrix,,HSPD1-91-TUFM-418,,,True
2983,TUFM,HSPD1,447,473,Mitochondrion matrix,,HSPD1-473-TUFM-447,,,True
3596,TXN2,HSPD1,102,196,Mitochondrion matrix,,HSPD1-196-TXN2-102,,,True
3595,TXN2,HSPD1,106,82,Mitochondrion matrix,,HSPD1-82-TXN2-106,,,True
3594,TXN2,HSPD1,152,369,Mitochondrion matrix,,HSPD1-369-TXN2-152,,,True
3597,TXN2,HSPD1,152,91,Mitochondrion matrix,,HSPD1-91-TXN2-152,,,True
3921,TXNRD2,HSPD1,153,369,Mitochondrion matrix,,HSPD1-369-TXNRD2-153,,,True
3922,TXNRD2,HSPD1,153,196,Mitochondrion matrix,,HSPD1-196-TXNRD2-153,,,True
3923,TXNRD2,HSPD1,172,196,Mitochondrion matrix,,HSPD1-196-TXNRD2-172,,,True
4095,UQCRB,HSPD1,4,473,Mitochondrion matrix,,HSPD1-473-UQCRB-4,,,True
1034,UQCRC1,HSPD1,102,96,Mitochondrion matrix,,HSPD1-96-UQCRC1-102,,,True
1035,UQCRC1,HSPD1,102,191,Mitochondrion matrix,,HSPD1-191-UQCRC1-102,,,True
1036,UQCRC1,HSPD1,102,91,Mitochondrion matrix,,HSPD1-91-UQCRC1-102,,,True
1038,UQCRC1,HSPD1,102,205,Mitochondrion matrix,,HSPD1-205-UQCRC1-102,,,True
1039,UQCRC1,HSPD1,102,364,Mitochondrion matrix,,HSPD1-364-UQCRC1-102,,,True
1040,UQCRC1,HSPD1,102,133,Mitochondrion matrix,,HSPD1-133-UQCRC1-102,,,True
1037,UQCRC1,HSPD1,138,205,Mitochondrion matrix,,HSPD1-205-UQCRC1-138,,,True
4101,UQCRC2,HSPD1,250,133,Mitochondrion matrix,,HSPD1-133-UQCRC2-250,,,True
4102,UQCRC2,HSPD1,250,473,Mitochondrion matrix,,HSPD1-473-UQCRC2-250,,,True
95,VDAC1,SYNJ2BP,53,48,Mitochondrion outer membrane ,Cytoplasmic,SYNJ2BP-48-VDAC1-53,,,True
94,VDAC1,TOMM70,109,78,Mitochondrion outer membrane #membrane protein,Cytoplasmic,TOMM70-78-VDAC1-109,,,True
97,VDAC1,SYNJ2BP,109,48,Mitochondrion outer membrane ,Cytoplasmic,SYNJ2BP-48-VDAC1-109,,,True
98,VDAC1,SYNJ2BP,266,48,Mitochondrion outer membrane ,Cytoplasmic,SYNJ2BP-48-VDAC1-266,,,True
96,VDAC1,SYNJ2BP,274,48,Mitochondrion outer membrane ,Cytoplasmic,SYNJ2BP-48-VDAC1-274,,,True
48,VDAC2,SYNJ2BP,64,48,Mitochondrion outer membrane ,Cytoplasmic,SYNJ2BP-48-VDAC2-64,,"37..46,50..58,65..75,80..87,91..100,106..115,122..131,134..141,148..156,161..169,174..186,189..196,200..209,213..222,229..238,242..249,253..262,265..274,284..293",True
46,VDAC2,TOMM70,120,78,Mitochondrion outer membrane #membrane protein,Cytoplasmic,TOMM70-78-VDAC2-120,,"37..46,50..58,65..75,80..87,91..100,106..115,122..131,134..141,148..156,161..169,174..186,189..196,200..209,213..222,229..238,242..249,253..262,265..274,284..293",True
47,VDAC2,SYNJ2BP,120,48,Mitochondrion outer membrane ,Cytoplasmic,SYNJ2BP-48-VDAC2-120,,"37..46,50..58,65..75,80..87,91..100,106..115,122..131,134..141,148..156,161..169,174..186,189..196,200..209,213..222,229..238,242..249,253..262,265..274,284..293",True
112,VDAC3,SYNJ2BP,53,48,Mitochondrion outer membrane ,Cytoplasmic,SYNJ2BP-48-VDAC3-53,,,True
111,VDAC3,SYNJ2BP,109,48,Mitochondrion outer membrane ,Cytoplasmic,SYNJ2BP-48-VDAC3-109,,,True
110,VDAC3,SYNJ2BP,236,48,Mitochondrion outer membrane ,Cytoplasmic,SYNJ2BP-48-VDAC3-236,,,True
4166,WDR43,HSPD1,191,469,Mitochondrion matrix,,HSPD1-469-WDR43-191,,,True
3835,WDR81,HSPD1,713,75,Mitochondrion matrix,,HSPD1-75-WDR81-713,,,True
4163,XPNPEP3,HSPD1,406,133,Mitochondrion matrix,,HSPD1-133-XPNPEP3-406,,,True
4164,XPNPEP3,HSPD1,412,133,Mitochondrion matrix,,HSPD1-133-XPNPEP3-412,,,True
4165,XPNPEP3,HSPD1,412,31,Mitochondrion matrix,,HSPD1-31-XPNPEP3-412,,,True
